ID,yearID,teamID,Rank,R,RA,G,W,H,BB,HBP,AB,SF,HR,2B,3B,salary,BA,OBP,SLG
0,1985,TOR,1,759,588,161,99,1482,503,,5508,,158,281,53,8812550,0.269063180828,0.330227915488,0.425381263617
1,1985,NYA,2,839,660,161,97,1458,620,,5458,,176,272,31,14238204,0.267130817149,0.341888779204,0.425064126053
2,1985,DET,3,729,688,161,84,1413,526,,5575,,202,254,45,10348143,0.253452914798,0.317816751352,0.423856502242
3,1985,BAL,4,818,764,161,83,1451,604,,5517,,214,234,22,11560712,0.26300525648,0.335729455971,0.429762552112
4,1985,BOS,5,800,720,163,81,1615,562,,5720,,162,292,31,10897560,0.282342657343,0.346545686087,0.429195804196
5,1985,ML4,6,690,802,161,71,1467,462,,5568,,101,250,44,11284107,0.263469827586,0.319900497512,0.378591954023
6,1985,CLE,7,729,861,162,60,1465,492,,5527,,116,254,31,6551666,0.265062420843,0.325137065958,0.385199927628
7,1985,KCA,1,687,639,162,91,1384,473,,5500,,154,261,49,9321179,0.251636363636,0.310899045706,0.400909090909
8,1985,CAL,2,732,703,162,90,1364,648,,5442,,153,215,31,14427894,0.250643145902,0.330377668309,0.385887541345
9,1985,CHA,3,736,720,163,85,1386,471,,5470,,146,247,37,9846178,0.253382084095,0.312573640801,0.392138939671
10,1985,MIN,4,705,782,162,77,1453,502,,5509,,141,282,41,5764821,0.263750226901,0.32523706538,0.406607369759
11,1985,OAK,4,757,787,162,77,1475,508,,5581,,155,230,34,9058606,0.264289553843,0.325669239612,0.401003404408
12,1985,SEA,6,719,818,162,74,1410,564,,5521,,171,277,38,4613000,0.255388516573,0.324404272802,0.412244158667
13,1985,TEX,7,617,785,161,62,1359,530,,5361,,129,213,41,7676500,0.253497481813,0.320658631811,0.380712553628
14,1985,SLN,1,747,572,162,101,1446,586,,5467,,87,245,59,11817083,0.264496067313,0.335701305138,0.378635449058
15,1985,NYN,2,695,568,162,98,1425,546,,5549,,134,239,35,10834762,0.256803027573,0.323379819524,0.384934222382
16,1985,MON,3,633,636,161,84,1342,492,,5429,,118,242,49,9470166,0.247191011236,0.309744975511,0.375023024498
17,1985,CHN,4,686,729,162,77,1397,562,,5492,,150,239,28,12702917,0.254369992717,0.323587710605,0.390021849964
18,1985,PHI,5,667,673,162,75,1343,527,,5477,,141,238,47,10124966,0.245207230236,0.311459027315,0.383056417747
19,1985,PIT,6,568,708,161,57,1340,514,,5436,,80,251,28,9227500,0.246504782929,0.311596638655,0.347130242826
20,1985,LAN,1,682,579,162,95,1434,539,,5502,,129,226,28,10967917,0.260632497274,0.326601556034,0.382224645583
21,1985,CIN,2,677,666,162,89,1385,576,,5431,,114,249,34,8359917,0.255017492175,0.326452472116,0.37635794513
22,1985,HOU,3,706,691,162,83,1457,477,,5582,,121,261,42,9993051,0.261017556431,0.319194586565,0.387853815837
23,1985,SDN,3,650,622,162,83,1405,513,,5507,,109,241,28,11036583,0.255129834756,0.318604651163,0.36844016706
24,1985,ATL,5,632,781,162,66,1359,553,,5526,,126,213,28,14807000,0.245928338762,0.314525415364,0.363011219689
25,1985,SFN,6,556,674,162,62,1263,488,,5420,,115,217,31,8221714,0.233025830258,0.296377792823,0.34815498155
26,1986,BOS,1,794,696,161,95,1488,595,,5498,,144,320,21,14402239,0.270643870498,0.341867717052,0.415060021826
27,1986,NYA,2,797,738,162,90,1512,645,,5570,,188,275,23,18494253,0.271454219031,0.347063555913,0.430341113106
28,1986,DET,3,798,714,162,87,1447,613,,5512,,198,234,30,12335714,0.262518142235,0.336326530612,0.423621190131
29,1986,TOR,4,809,733,163,86,1540,496,,5716,,181,285,35,12611047,0.269419174248,0.327752736639,0.426522043387
30,1986,CLE,5,831,841,163,84,1620,456,,5702,,157,270,45,7809500,0.284110838302,0.337122442351,0.429849175728
31,1986,ML4,6,667,734,161,77,1393,530,,5461,,127,255,38,9943642,0.255081486907,0.320981472208,0.385460538363
32,1986,BAL,7,708,760,162,73,1425,563,,5524,,169,223,13,13001258,0.257965242578,0.32659766716,0.394822592324
33,1986,CAL,1,786,684,162,92,1387,671,,5433,,167,236,36,14427258,0.255291735689,0.337155963303,0.404196576477
34,1986,TEX,2,771,743,162,87,1479,511,,5529,,184,248,43,6743119,0.267498643516,0.329470198675,0.42774461928
35,1986,KCA,3,654,673,162,76,1403,474,,5561,,137,264,45,13043698,0.252292753102,0.31101905551,0.38985793922
36,1986,OAK,3,731,760,162,76,1370,553,,5435,,163,213,25,9779421,0.252069917203,0.321142284569,0.390432382705
37,1986,CHA,5,644,699,162,72,1335,487,,5406,,121,197,34,10418819,0.246947835738,0.309180383506,0.363115057344
38,1986,MIN,6,741,839,162,71,1446,501,,5531,,196,257,39,8748167,0.261435545109,0.322778514589,0.428313144097
39,1986,SEA,7,718,835,162,67,1392,572,,5498,,158,243,41,5958309,0.253182975628,0.323558484349,0.398508548563
40,1986,NYN,1,783,578,162,108,1462,631,,5558,,148,261,31,15393714,0.263044260525,0.338180643076,0.401043540842
41,1986,PHI,2,739,713,161,86,1386,589,,5483,,154,266,39,11590166,0.252781324093,0.325263504611,0.399781141711
42,1986,SLN,3,601,611,161,79,1270,568,,5378,,58,216,48,9875010,0.236147266642,0.309115371678,0.326515433247
43,1986,MON,4,637,688,161,78,1401,537,,5508,,110,255,50,11103600,0.254357298475,0.320595533499,0.378721859114
44,1986,CHN,5,680,781,160,70,1409,508,,5499,,155,258,27,17208165,0.256228405165,0.319127684368,0.397526823059
45,1986,PIT,6,663,700,162,64,1366,569,,5456,,111,273,33,10843500,0.250366568915,0.321161825726,0.37353372434
46,1986,HOU,1,654,569,162,96,1388,536,,5441,,125,244,32,9873276,0.255100165411,0.32190061904,0.380628560926
47,1986,CIN,2,732,717,162,86,1404,586,,5536,,144,237,35,11906388,0.253612716763,0.325057170859,0.387102601156
48,1986,SFN,3,698,618,162,83,1394,536,,5501,,114,269,29,8947000,0.253408471187,0.319695212854,0.375022723141
49,1986,SDN,4,656,723,162,74,1442,484,,5515,,136,239,25,11380693,0.261468721668,0.321053508918,0.387851314597
50,1986,LAN,5,638,679,162,73,1373,478,,5471,,130,232,14,14913776,0.250959605191,0.311144730207,0.369767866935
51,1986,ATL,6,615,719,161,72,1348,538,,5384,,138,241,24,17102786,0.250371471025,0.318473488686,0.380943536404
52,1987,DET,1,896,735,162,98,1535,653,,5649,,225,274,32,12122881,0.271729509648,0.34719136782,0.451053283767
53,1987,TOR,2,845,655,162,96,1514,555,,5635,,215,277,38,10479501,0.268677905945,0.334248788368,0.44578527063
54,1987,ML4,3,862,817,162,91,1552,598,,5625,,163,272,46,7293224,0.275911111111,0.34549252772,0.427555555556
55,1987,NYA,4,788,758,162,89,1445,604,,5511,,196,239,16,17099714,0.262202866993,0.335077677841,0.418072945019
56,1987,BOS,5,842,825,162,78,1554,606,,5586,,174,273,26,10144167,0.278195488722,0.348837209302,0.429824561404
57,1987,BAL,6,729,880,162,67,1437,524,,5576,,211,219,20,13900273,0.257711621234,0.321475409836,0.417682926829
58,1987,CLE,7,742,957,162,61,1476,489,,5606,,187,267,30,8513750,0.263289332858,0.322395406071,0.421691045309
59,1987,MIN,1,786,806,162,85,1422,523,,5441,,196,258,35,6397500,0.261349016725,0.326123407109,0.429700422716
60,1987,KCA,2,715,691,162,83,1443,523,,5499,,168,239,40,11828056,0.262411347518,0.326469611425,0.412074922713
61,1987,OAK,3,806,789,162,81,1432,593,,5511,,199,263,33,11680839,0.259843948467,0.331749672346,0.427871529668
62,1987,SEA,4,760,801,162,78,1499,500,,5508,,161,282,48,2263500,0.272149600581,0.332723035952,0.42846768337
63,1987,CHA,5,748,746,162,77,1427,487,,5538,,173,283,36,10641843,0.257674250632,0.317676348548,0.415492957746
64,1987,CAL,6,770,803,162,75,1406,590,,5570,,172,257,26,12843499,0.252423698384,0.324025974026,0.400538599641
65,1987,TEX,6,823,849,162,75,1478,567,,5564,,194,264,35,880000,0.265636232926,0.333550807372,0.430265995687
66,1987,SLN,1,798,693,162,95,1449,644,,5500,,94,252,49,11758000,0.263454545455,0.340657552083,0.378363636364
67,1987,NYN,2,823,698,162,92,1499,592,,5601,,192,287,34,13846714,0.267630780218,0.337639270144,0.433851098018
68,1987,MON,3,741,720,162,91,1467,501,,5527,,120,310,39,6942052,0.265424280803,0.326476443265,0.400759905916
69,1987,PHI,4,702,749,162,80,1390,587,,5475,,169,248,51,11514233,0.253881278539,0.326129990102,0.410410958904
70,1987,PIT,4,723,744,162,80,1464,535,,5536,,131,282,45,7652000,0.264450867052,0.329270301433,0.402637283237
71,1987,CHN,6,720,801,161,76,1475,504,,5583,,209,244,33,14307999,0.264194877306,0.325119106292,0.432025792585
72,1987,SFN,1,783,669,162,90,1458,511,,5608,,205,274,32,7290000,0.259985734665,0.321784605328,0.429921540656
73,1987,CIN,2,783,752,162,84,1478,514,,5560,,192,262,29,9281500,0.265827338129,0.327955218966,0.426978417266
74,1987,HOU,3,648,678,162,76,1386,526,,5485,,122,238,28,12608371,0.252689152233,0.318083513558,0.373017319964
75,1987,LAN,4,635,675,162,73,1389,445,,5517,,125,236,23,13675403,0.251767264818,0.307614894331,0.37085372485
76,1987,ATL,5,747,829,161,69,1401,641,,5428,,152,284,24,16544560,0.258106116433,0.336463997364,0.403279292557
77,1987,SDN,6,668,763,162,65,1419,577,,5456,,113,209,48,11065796,0.260080645161,0.330847008122,0.378115835777
78,1988,BOS,1,813,689,162,89,1569,623,,5545,,124,310,39,13896092,0.282957619477,0.355382619974,0.420018034265
79,1988,DET,2,703,658,162,88,1358,588,,5433,,143,213,28,12869571,0.249953984907,0.323202125893,0.378428124425
80,1988,ML4,3,682,616,162,87,1409,439,,5488,,113,258,26,8402000,0.256741982507,0.31179348743,0.375
81,1988,TOR,3,763,680,162,87,1491,521,,5557,,158,271,47,12241225,0.268310239338,0.331029944061,0.419290984344
82,1988,NYA,5,772,748,161,85,1469,588,,5592,,148,272,12,19441152,0.262696709585,0.33284789644,0.395028612303
83,1988,CLE,6,666,731,162,78,1435,416,,5505,,134,235,28,8936500,0.260672116258,0.312616112143,0.386557674841
84,1988,BAL,7,550,789,161,54,1275,504,,5358,,137,199,20,13532075,0.237961926092,0.303480040942,0.359275849197
85,1988,OAK,1,800,620,162,104,1474,580,,5602,,156,251,22,9690000,0.263120314174,0.332254933678,0.399321670832
86,1988,MIN,2,759,672,162,91,1508,528,,5510,,151,294,31,12462666,0.273684210526,0.337197747599,0.420508166969
87,1988,KCA,3,704,648,161,84,1419,486,,5469,,121,275,40,14556562,0.259462424575,0.319899244332,0.390747851527
88,1988,CAL,4,714,771,162,75,1458,469,,5582,,124,258,31,11947388,0.26119670369,0.318459758718,0.385166606951
89,1988,CHA,5,631,757,161,71,1327,446,,5449,,132,224,35,6390000,0.243530923105,0.300763358779,0.370159662323
90,1988,TEX,6,637,735,161,70,1378,542,,5479,,112,227,39,5342131,0.251505749224,0.318883906328,0.368497901077
91,1988,SEA,7,664,744,161,68,1397,461,,5436,,148,271,27,7342450,0.256990434143,0.315075462099,0.398454746137
92,1988,NYN,1,703,532,160,100,1387,544,,5408,,152,251,24,15269314,0.256471893491,0.324428763441,0.396079881657
93,1988,PIT,2,651,616,160,85,1327,553,,5379,,110,240,45,5998500,0.246700130136,0.316925151719,0.369399516639
94,1988,MON,3,628,592,163,81,1400,454,,5573,,107,260,48,9603333,0.251211196842,0.307615729219,0.372689754172
95,1988,CHN,4,660,694,163,77,1481,403,,5675,,113,262,46,13119198,0.260969162996,0.309970384995,0.383083700441
96,1988,SLN,5,578,633,162,76,1373,484,,5518,,71,207,33,12880000,0.24882203697,0.309396867711,0.336897426604
97,1988,PHI,6,597,734,162,65,1294,489,,5403,,106,246,31,13838000,0.239496575976,0.30261371351,0.35535813437
98,1988,LAN,1,628,544,162,94,1346,437,,5431,,99,217,25,16850515,0.2478364942,0.30385139741,0.351684772602
99,1988,CIN,2,641,596,161,87,1334,479,,5426,,122,246,25,8888409,0.245853298931,0.307027942422,0.36785845927
100,1988,SDN,3,594,583,161,83,1325,494,,5366,,94,205,35,9561002,0.246925083861,0.310409556314,0.35072679836
101,1988,SFN,4,670,626,162,83,1353,550,,5450,,113,227,44,12380000,0.248256880734,0.317166666667,0.368256880734
102,1988,HOU,5,617,631,162,82,1338,474,,5494,,96,239,31,12286167,0.243538405533,0.303619302949,0.350746268657
103,1988,ATL,6,555,741,160,54,1319,432,,5440,,96,228,28,12728174,0.242463235294,0.298194822888,0.347610294118
104,1989,TOR,1,731,651,162,89,1449,521,,5581,,142,265,40,16261666,0.259630890521,0.322844968863,0.397778175954
105,1989,BAL,2,708,686,162,87,1369,593,,5440,,129,238,33,8275167,0.251654411765,0.325211337643,0.378676470588
106,1989,BOS,3,774,735,162,83,1571,643,,5666,,108,326,30,17481748,0.277267913872,0.35092724679,0.402576773738
107,1989,ML4,4,707,679,162,81,1415,455,,5473,,126,235,32,11533000,0.258541933126,0.315452091768,0.382240087703
108,1989,NYA,5,698,792,161,74,1470,502,,5458,,130,229,23,17114375,0.269329424698,0.330872483221,0.391168926347
109,1989,CLE,6,604,654,162,73,1340,499,,5463,,127,221,26,9094500,0.245286472634,0.308453539081,0.365000915248
110,1989,DET,7,617,816,162,59,1315,585,,5432,,116,198,24,15146404,0.242083946981,0.315771979392,0.351435935199
111,1989,OAK,1,712,576,162,99,1414,562,,5416,,127,220,25,15613070,0.261078286558,0.330545332887,0.381277695716
112,1989,KCA,2,690,635,162,92,1428,554,,5475,,101,227,41,18683568,0.260821917808,0.328744402057,0.372602739726
113,1989,CAL,3,669,578,162,91,1422,429,,5545,,145,208,37,15097833,0.256447249775,0.30984265149,0.385752930568
114,1989,TEX,4,695,714,162,83,1433,503,,5458,,122,260,46,11893781,0.262550384756,0.324777721859,0.394100403078
115,1989,MIN,5,740,738,162,80,1542,478,,5581,,117,278,35,15531666,0.276294570865,0.333388347912,0.401540942483
116,1989,SEA,6,694,728,162,73,1417,489,,5512,,134,237,29,9779500,0.257075471698,0.317613731045,0.383526850508
117,1989,CHA,7,693,750,161,69,1493,464,,5504,,94,262,36,7265410,0.271257267442,0.327915549598,0.383175872093
118,1989,CHN,1,702,623,162,93,1438,472,,5513,,124,235,45,10668000,0.260838019227,0.319131161236,0.387266461092
119,1989,NYN,2,683,595,162,87,1351,504,,5489,,147,280,21,19885071,0.246128620878,0.309527782413,0.385133904172
120,1989,SLN,3,632,608,164,86,1418,507,,5492,,73,263,47,16078833,0.258193736344,0.320886814469,0.363073561544
121,1989,MON,4,632,630,162,81,1353,572,,5482,,100,267,30,13807389,0.246807734404,0.317971589032,0.361182050347
122,1989,PIT,5,637,680,164,74,1334,563,,5539,,95,263,53,12737500,0.240837696335,0.310881678138,0.35890955046
123,1989,PHI,6,629,735,163,67,1324,558,,5447,,123,215,36,10604000,0.243069579585,0.31340549542,0.363502845603
124,1989,SFN,1,699,600,162,92,1365,508,,5469,,141,241,52,14962834,0.249588590236,0.313367910323,0.390016456391
125,1989,SDN,2,642,626,162,89,1360,552,,5422,,120,215,32,14195000,0.250829952047,0.32005356545,0.368683142752
126,1989,HOU,3,647,669,162,86,1316,530,,5516,,97,239,28,15029500,0.238578680203,0.305325835263,0.344815083394
127,1989,LAN,4,554,536,160,77,1313,507,,5465,,89,241,17,21071562,0.240256175663,0.304755525787,0.339432753888
128,1989,CIN,5,632,691,162,75,1362,493,,5520,,128,243,28,11072000,0.246739130435,0.308498253783,0.370471014493
129,1989,ATL,6,584,680,161,63,1281,485,,5463,,128,201,22,11112334,0.234486545854,0.296906523201,0.349624748307
130,1990,BOS,1,699,664,162,88,1502,598,,5516,,106,298,31,20558333,0.272298767223,0.343473994112,0.395213923133
131,1990,TOR,2,767,661,162,86,1479,526,,5589,,167,263,50,17756834,0.264626945786,0.327882256746,0.419216317767
132,1990,DET,3,750,754,162,79,1418,634,,5479,,172,241,32,17593238,0.258806351524,0.335678063144,0.408651213725
133,1990,CLE,4,732,737,162,77,1465,458,,5485,,110,266,41,14487000,0.26709206928,0.323573952549,0.390701914312
134,1990,BAL,5,669,698,161,76,1328,660,,5410,,132,234,22,9680084,0.245471349353,0.327512355848,0.370055452865
135,1990,ML4,6,732,760,162,74,1408,519,,5503,,128,247,36,19719167,0.25586043976,0.319993357688,0.383608940578
136,1990,NYA,7,603,749,162,67,1322,427,,5483,,147,208,19,20912318,0.241108881999,0.295939086294,0.366405252599
137,1990,OAK,1,733,570,162,103,1379,651,,5433,,164,209,22,19887501,0.253819252715,0.333662064431,0.390944229707
138,1990,CHA,2,682,633,162,94,1393,478,,5402,,106,251,44,9491500,0.257867456498,0.318197278912,0.379489078119
139,1990,TEX,3,676,696,162,83,1416,575,,5469,,110,257,27,14874372,0.258913878223,0.329417604236,0.376119948802
140,1990,CAL,4,690,706,162,80,1448,566,,5570,,147,237,27,21720000,0.259964093357,0.328226857888,0.391382405745
141,1990,SEA,5,640,680,162,77,1419,596,,5474,,107,251,26,12553667,0.259225429302,0.331960461285,0.373218852758
142,1990,KCA,6,707,709,161,75,1465,498,,5488,,100,316,44,23361084,0.26694606414,0.327931840962,0.395225947522
143,1990,MIN,7,666,729,162,74,1458,445,,5499,,100,281,39,14602000,0.265139116203,0.320154777927,0.384979087107
144,1990,PIT,1,733,619,162,95,1395,582,,5388,,138,288,42,15556000,0.258908685969,0.331155778894,0.404788418708
145,1990,NYN,2,775,613,162,91,1410,536,,5504,,172,278,21,21722834,0.256177325581,0.322185430464,0.408066860465
146,1990,MON,3,662,598,162,85,1363,576,,5453,,114,227,43,16586388,0.249954153677,0.321612207663,0.370071520264
147,1990,CHN,4,690,774,162,77,1474,406,,5600,,136,240,36,13624000,0.263214285714,0.31302031302,0.391785714286
148,1990,PHI,4,646,729,162,77,1410,582,,5535,,103,237,27,13173667,0.254742547425,0.325649828347,0.363143631436
149,1990,SLN,6,599,698,162,70,1398,517,,5462,,73,255,41,20523334,0.255950201391,0.320287673524,0.357744415965
150,1990,CIN,1,693,597,162,91,1466,466,,5525,,125,284,40,14370000,0.265339366516,0.322483725588,0.399095022624
151,1990,LAN,2,728,685,162,86,1436,538,,5491,,129,222,27,21318704,0.261518849026,0.32741748217,0.382261883081
152,1990,SFN,3,719,710,162,85,1459,488,,5573,,152,221,35,19335333,0.261797954423,0.321234119782,0.395837071595
153,1990,HOU,4,573,656,162,75,1301,548,,5379,,94,209,32,18330000,0.24186651794,0.31196220685,0.3450455475
154,1990,SDN,4,673,673,162,75,1429,509,,5554,,123,243,35,17588334,0.257292041772,0.319643740722,0.380086424199
155,1990,ATL,6,682,821,162,65,1376,473,,5504,,162,263,26,14555501,0.25,0.309352517986,0.395530523256
156,1991,TOR,1,684,622,162,91,1412,499,,5489,,133,295,45,19902417,0.25724175624,0.319138276553,0.400072873019
157,1991,BOS,2,731,712,162,84,1486,593,,5530,,126,305,25,35167500,0.268716094033,0.33953944145,0.401265822785
158,1991,DET,2,817,794,162,84,1372,699,,5547,,209,259,26,23838333,0.247340904994,0.331572206212,0.416441319632
159,1991,ML4,4,799,744,162,83,1523,556,,5611,,116,247,53,23115500,0.271431117448,0.337116912599,0.396364284441
160,1991,NYA,5,674,777,162,71,1418,473,,5541,,147,249,19,27344168,0.255910485472,0.314432989691,0.387294712146
161,1991,BAL,6,686,796,162,67,1421,528,,5604,,170,256,29,17519000,0.253568879372,0.317840834964,0.400606709493
162,1991,CLE,7,576,759,162,57,1390,449,,5470,,79,236,26,17635000,0.254113345521,0.31069437405,0.350091407678
163,1991,MIN,1,776,652,162,95,1557,526,,5556,,140,270,42,23361833,0.280237580994,0.342486024334,0.419546436285
164,1991,CHA,2,758,681,162,87,1464,610,,5594,,139,226,39,16919667,0.261708973901,0.334300451322,0.390597068287
165,1991,TEX,3,829,814,162,85,1539,596,,5703,,177,288,31,18224500,0.26985796949,0.338942689316,0.424338067684
166,1991,OAK,4,760,776,162,84,1342,642,,5410,,159,246,19,36999167,0.248059149723,0.327825512227,0.388724584104
167,1991,SEA,5,702,674,162,83,1400,588,,5494,,126,268,29,15691833,0.254823443757,0.326866162447,0.382963232617
168,1991,KCA,6,727,722,162,82,1475,523,,5584,,117,290,41,26319834,0.26414756447,0.327165547732,0.393624641834
169,1991,CAL,7,653,649,162,81,1396,448,,5470,,115,245,29,33060001,0.25521023766,0.311591753971,0.373674588665
170,1991,PIT,1,768,632,162,98,1433,620,,5449,,126,259,50,23634667,0.262984033768,0.338276487065,0.398238208846
171,1991,SLN,2,651,648,162,84,1366,532,,5362,,68,239,53,21860001,0.254755688176,0.322022395657,0.357142857143
172,1991,PHI,3,629,680,162,78,1332,490,,5521,,111,248,33,22487332,0.241260641188,0.303110963234,0.35844955624
173,1991,CHN,4,695,734,160,77,1395,442,,5522,,159,232,26,23175667,0.252625860196,0.308014755198,0.390438247012
174,1991,NYN,5,640,646,161,77,1305,578,,5359,,117,250,24,32590001,0.243515581265,0.317163550615,0.364620264975
175,1991,MON,6,579,655,161,71,1329,484,,5412,,95,236,42,10732333,0.2455654102,0.30749660787,0.357354028086
176,1991,ATL,1,749,644,162,94,1407,563,,5456,,141,255,30,18403500,0.257881231672,0.327296893172,0.39314516129
177,1991,LAN,2,665,565,162,93,1366,583,,5408,,108,191,29,32790664,0.252588757396,0.325321315306,0.358542899408
178,1991,SDN,3,636,646,162,84,1321,501,,5408,,121,204,36,22150001,0.244267751479,0.30834320528,0.362426035503
179,1991,SFN,4,649,697,162,75,1345,471,,5463,,141,215,48,30967666,0.246201720666,0.306033029997,0.380560131796
180,1991,CIN,5,689,691,162,74,1419,488,,5501,,164,250,27,26305333,0.257953099436,0.318417098013,0.402654062898
181,1991,HOU,6,605,717,162,65,1345,502,,5504,,79,240,43,12852500,0.244367732558,0.307525807526,0.346656976744
182,1992,TOR,1,780,682,162,96,1458,561,,5536,,163,265,40,44788666,0.263367052023,0.331146465475,0.41401734104
183,1992,ML4,2,740,604,162,92,1477,511,,5504,,82,272,35,31013667,0.268350290698,0.330507065669,0.375181686047
184,1992,BAL,3,705,656,162,89,1423,647,,5485,,148,243,36,23780667,0.259434822242,0.337573385519,0.397812215132
185,1992,CLE,4,674,746,162,76,1495,448,,5620,,127,227,24,9373044,0.266014234875,0.320204350692,0.382740213523
186,1992,NYA,4,733,746,162,76,1462,536,,5593,,163,281,18,37543334,0.261398176292,0.325991189427,0.405506883605
187,1992,DET,6,791,794,162,75,1411,675,,5515,,182,256,16,27322834,0.255847688123,0.336995153473,0.407071622847
188,1992,BOS,7,599,669,162,73,1343,591,,5461,,84,259,21,43610584,0.245925654642,0.319563780568,0.347189159495
189,1992,OAK,1,745,672,162,96,1389,707,,5387,,142,219,24,41035000,0.257842955263,0.3439448638,0.386485984778
190,1992,MIN,2,747,653,162,90,1544,527,,5582,,104,275,27,28027834,0.276603367968,0.339008020953,0.391436761018
191,1992,CHA,3,738,690,162,86,1434,622,,5498,,110,269,36,30160833,0.260822117134,0.335947712418,0.382866496908
192,1992,TEX,4,682,753,162,77,1387,550,,5537,,159,266,23,30128167,0.250496658841,0.318219155577,0.392992595268
193,1992,CAL,5,579,671,162,72,1306,416,,5364,,88,202,20,34749334,0.243475018643,0.297923875433,0.337807606264
194,1992,KCA,5,610,667,162,72,1411,439,,5501,,75,284,42,33893834,0.256498818397,0.311447811448,0.364297400473
195,1992,SEA,7,679,799,162,64,1466,474,,5564,,149,278,24,23179833,0.263479511143,0.321298443193,0.402408339324
196,1992,PIT,1,693,595,162,96,1409,569,,5527,,106,272,54,33944167,0.254930341958,0.324475065617,0.381219468066
197,1992,MON,2,648,581,162,87,1381,463,,5477,,102,263,37,15822334,0.252145335037,0.310437710438,0.369545371554
198,1992,SLN,3,631,604,162,83,1464,495,,5594,,94,262,44,27583836,0.261708973901,0.321727705699,0.374687164819
199,1992,CHN,4,593,624,162,78,1420,417,,5590,,104,221,41,29829686,0.254025044723,0.305809888463,0.36404293381
200,1992,NYN,5,599,653,162,72,1254,572,,5340,,93,259,17,44602002,0.234831460674,0.308863328823,0.341947565543
201,1992,PHI,6,686,717,162,70,1392,509,,5500,,118,255,36,24383834,0.253090909091,0.316358795141,0.376909090909
202,1992,ATL,1,682,569,162,98,1391,493,,5480,,138,223,48,34625333,0.253832116788,0.315419387243,0.387591240876
203,1992,CIN,2,660,609,162,90,1418,563,,5460,,99,281,44,35931499,0.259706959707,0.328905860867,0.381684981685
204,1992,SDN,3,617,636,162,82,1396,453,,5476,,135,255,30,26854167,0.254930606282,0.311856974195,0.386413440467
205,1992,HOU,4,608,668,162,81,1350,506,,5480,,96,255,38,15407500,0.246350364964,0.310056799198,0.359306569343
206,1992,SFN,5,574,647,162,72,1330,435,,5456,,105,220,36,33163168,0.243768328446,0.299609573926,0.355021994135
207,1992,LAN,6,548,636,162,63,1333,503,,5368,,72,201,34,44788166,0.248323397914,0.312723556464,0.338673621461
208,1993,TOR,1,847,742,162,95,1556,588,,5579,,159,317,42,47279166,0.278903029217,0.347656883412,0.436278903029
209,1993,NYA,2,821,761,162,88,1568,629,,5615,,178,294,24,42624900,0.279252003562,0.351857783472,0.435262689225
210,1993,BAL,3,786,745,162,85,1470,655,,5508,,157,287,24,29096500,0.26688453159,0.344799610579,0.413217138707
211,1993,DET,3,899,837,162,85,1546,765,,5620,,178,282,38,38150165,0.275088967972,0.361942051684,0.433807829181
212,1993,BOS,5,686,698,162,80,1451,508,,5496,,114,319,29,37120583,0.264010189229,0.326282478348,0.394832605531
213,1993,CLE,6,790,813,162,76,1547,488,,5619,,141,264,31,18561000,0.275315892508,0.333224168986,0.408613632319
214,1993,ML4,7,733,792,162,69,1426,555,,5525,,125,240,25,23806834,0.258099547511,0.325822368421,0.378461538462
215,1993,CHA,1,776,664,162,94,1454,604,,5483,,162,228,44,39696166,0.265183293817,0.338097585017,0.411453583804
216,1993,TEX,2,835,751,162,86,1472,483,,5510,,181,284,39,36376959,0.267150635209,0.326213916236,0.431397459165
217,1993,KCA,3,675,694,162,84,1455,428,,5522,,125,294,35,41346167,0.263491488591,0.316470588235,0.397319811662
218,1993,SEA,4,734,731,162,82,1429,624,,5494,,161,272,24,32696333,0.260101929378,0.335567178817,0.406261376047
219,1993,CAL,5,684,770,162,71,1399,564,,5391,,114,259,24,28588334,0.259506585049,0.329638958858,0.379892413281
220,1993,MIN,5,693,830,162,71,1480,493,,5601,,121,261,27,28217933,0.264238528834,0.323761076469,0.385288341368
221,1993,OAK,7,715,846,162,68,1408,622,,5543,,158,260,21,37812333,0.254014071802,0.329278183293,0.394010463648
222,1993,PHI,1,877,740,162,97,1555,665,,5685,,156,297,51,28538334,0.273526824978,0.349606299213,0.426033421284
223,1993,MON,2,732,682,163,94,1410,542,,5493,,122,270,36,18899333,0.256690333151,0.323446561723,0.385581649372
224,1993,SLN,3,758,744,162,87,1508,588,,5551,,118,262,34,23367334,0.271662763466,0.341423684639,0.39488380472
225,1993,CHN,4,738,739,163,84,1521,446,,5627,,161,259,32,39386666,0.27030389195,0.323892639552,0.413541851786
226,1993,PIT,5,707,806,162,75,1482,536,,5549,,110,267,50,24822467,0.267075148675,0.331635168447,0.392683366372
227,1993,FLO,6,581,724,162,64,1356,498,,5475,,94,197,31,19330545,0.247671232877,0.310396785535,0.346484018265
228,1993,NYN,7,672,744,162,59,1350,448,,5448,,158,228,37,39043667,0.247797356828,0.304952510176,0.390234948605
229,1993,ATL,1,767,559,162,104,1444,560,,5515,,169,239,29,41641417,0.261831368994,0.32987654321,0.407615593835
230,1993,SFN,2,808,636,162,103,1534,516,,5557,,168,269,33,35050000,0.276048227461,0.337559690433,0.427028972467
231,1993,HOU,3,716,630,162,85,1459,497,,5464,,138,288,37,30210500,0.267020497804,0.328132863613,0.409040995608
232,1993,LAN,4,675,662,162,81,1458,492,,5588,,130,234,28,39331999,0.260916249105,0.320723684211,0.382605583393
233,1993,CIN,5,722,785,162,73,1457,485,,5517,,137,261,28,44879666,0.26409280406,0.323558813729,0.396048577125
234,1993,COL,6,758,967,162,67,1507,388,,5517,,142,278,59,10353500,0.273155700562,0.320914479255,0.42214971905
235,1993,SDN,7,679,772,162,61,1386,443,,5503,,153,239,28,25511333,0.251862620389,0.307601749075,0.388878793385
236,1994,CHA,1,633,498,113,67,1133,497,,3942,,121,175,39,39183836,0.287417554541,0.367199819779,0.443683409437
237,1994,CLE,2,679,562,113,66,1165,382,,4022,,167,240,20,30490500,0.289656887121,0.351271571299,0.483838886126
238,1994,KCA,3,574,532,115,64,1051,376,,3911,,100,211,38,40541334,0.268729225262,0.332866806625,0.418818716441
239,1994,MIN,4,594,688,113,53,1092,359,,3952,,103,239,23,28438500,0.276315789474,0.336580839712,0.426619433198
240,1994,ML4,5,547,586,115,53,1045,417,,3978,,99,238,21,24350500,0.262694821518,0.332650739477,0.407742584213
241,1994,NYA,1,670,534,113,70,1155,530,,3986,,139,238,16,45731334,0.289764174611,0.373117803366,0.462117410938
242,1994,BAL,2,589,497,112,63,1047,438,,3856,,139,185,20,38849769,0.271524896266,0.345831392641,0.438018672199
243,1994,TOR,3,566,579,115,55,1064,387,,3962,,115,210,30,43433668,0.268551236749,0.333639917222,0.423775870772
244,1994,BOS,4,552,621,115,54,1038,404,,3940,,120,222,19,37859084,0.26345177665,0.331952117864,0.420812182741
245,1994,DET,5,652,671,115,53,1048,520,,3955,,161,216,25,41446501,0.264981036662,0.350391061453,0.454361567636
246,1994,TEX,1,613,697,114,52,1114,437,,3983,,124,198,27,32973597,0.279688676877,0.350904977376,0.436354506653
247,1994,OAK,2,549,589,114,51,1009,417,,3885,,113,178,13,34172500,0.259716859717,0.331473733147,0.399485199485
248,1994,SEA,3,569,616,112,49,1045,372,,3883,,153,211,18,29228500,0.269121813031,0.333019976498,0.450939994849
249,1994,CAL,4,543,660,115,47,1042,402,,3943,,120,178,16,25156218,0.264265787471,0.332336018412,0.408825767182
250,1994,CIN,1,609,490,115,66,1142,388,,3999,,124,211,36,40961833,0.285571392848,0.348757693184,0.449362340585
251,1994,HOU,2,602,503,115,66,1099,394,,3955,,120,252,25,33126000,0.277876106195,0.343297309726,0.445259165613
252,1994,PIT,3,466,580,114,53,1001,349,,3864,,80,198,23,24217250,0.259057971014,0.320436743413,0.384316770186
253,1994,SLN,3,535,621,115,53,1026,434,,3902,,108,213,27,29275601,0.262942080984,0.336715867159,0.414402870323
254,1994,CHN,5,500,549,113,49,1015,364,,3918,,109,189,26,36287333,0.259060745278,0.322045773003,0.404032669729
255,1994,MON,1,585,454,114,74,1111,379,,4000,,108,246,30,19098000,0.27775,0.340260333409,0.43525
256,1994,ATL,2,542,448,114,68,1031,377,,3861,,137,198,18,49383513,0.267029267029,0.332232184993,0.434084434084
257,1994,NYN,3,506,526,113,55,966,336,,3869,,117,164,21,30956583,0.249676919101,0.309631391201,0.393641767899
258,1994,PHI,4,521,497,115,54,1028,396,,3927,,80,208,28,31599000,0.261777438248,0.329400879019,0.390119684237
259,1994,FLO,5,468,576,115,51,1043,349,,3926,,94,180,24,21633000,0.265664798777,0.325614035088,0.395568008151
260,1994,LAN,1,532,509,114,58,1055,366,,3904,,115,160,29,38000001,0.270235655738,0.332786885246,0.414446721311
261,1994,SFN,2,504,500,115,55,963,364,,3869,,123,159,32,42638666,0.248901524942,0.313489251122,0.401912638925
262,1994,COL,3,573,638,117,53,1098,378,,4006,,125,206,39,23887333,0.2740888667,0.336678832117,0.438592111832
263,1994,SDN,4,479,531,117,47,1117,319,,4068,,92,200,19,14916333,0.274582104228,0.327330749943,0.400934119961
264,1995,CLE,1,840,607,144,100,1461,542,,5028,,207,279,23,37937835,0.290572792363,0.35960502693,0.478719172633
265,1995,KCA,2,629,691,144,70,1275,475,,4903,,119,240,35,29532834,0.260044870487,0.325399776869,0.396084030186
266,1995,CHA,3,755,758,145,68,1417,576,,5060,,146,252,37,46961282,0.280039525692,0.353619588361,0.431027667984
267,1995,ML4,4,740,747,144,65,1329,502,,5000,,128,249,42,17798825,0.2658,0.332788077063,0.4092
268,1995,MIN,5,703,889,144,56,1398,471,,5005,,120,270,34,25410500,0.279320679321,0.34130752374,0.418781218781
269,1995,BOS,1,791,698,144,86,1399,560,,4997,,175,286,31,32455518,0.279967980788,0.352528342631,0.454672803682
270,1995,NYA,2,749,688,145,79,1365,625,,4947,,122,280,34,48874851,0.275924802911,0.357142857143,0.420254699818
271,1995,BAL,3,704,640,144,71,1267,574,,4837,,173,229,27,43942521,0.261939218524,0.340232858991,0.427744469713
272,1995,DET,4,654,844,144,60,1204,551,,4865,,159,228,29,37044168,0.247482014388,0.324039881832,0.404316546763
273,1995,TOR,5,642,777,144,56,1309,492,,5036,,140,275,27,50590000,0.259928514694,0.325795947902,0.408657664813
274,1995,SEA,1,796,708,145,79,1377,549,,4996,,182,276,20,36481311,0.275620496397,0.347339945897,0.448158526821
275,1995,CAL,2,801,697,145,78,1390,564,,5019,,186,252,25,31223171,0.276947599123,0.349991044241,0.448296473401
276,1995,TEX,3,691,720,144,74,1304,526,,4913,,138,247,24,34581451,0.265418278038,0.336458907887,0.40972928964
277,1995,OAK,4,730,761,144,67,1296,565,,4916,,169,228,18,37739225,0.26362896664,0.339536580916,0.420463791701
278,1995,CIN,1,747,623,144,85,1326,519,,4903,,161,277,35,43144670,0.270446665307,0.340280339358,0.439730777075
279,1995,HOU,2,747,674,144,76,1403,566,,5097,,109,260,22,34169834,0.275259956837,0.34769556772,0.39905826957
280,1995,CHN,3,693,671,144,73,1315,440,,4963,,158,267,39,29505834,0.264960709248,0.324819544697,0.429981865807
281,1995,SLN,4,563,658,143,62,1182,436,,4779,,107,238,24,37101000,0.247332077841,0.310258868648,0.37434609751
282,1995,PIT,5,629,736,144,58,1281,456,,4937,,125,245,27,18355345,0.259469313348,0.3220841832,0.395989467288
283,1995,ATL,1,645,540,144,90,1202,520,,4814,,168,210,27,47235445,0.249688408808,0.322834645669,0.409223099294
284,1995,NYN,2,657,618,144,69,1323,446,,4958,,125,218,34,27674992,0.266841468334,0.327350111029,0.400161355385
285,1995,PHI,2,615,658,144,69,1296,497,,4950,,94,263,30,30555945,0.261818181818,0.329172021296,0.38404040404
286,1995,FLO,4,673,673,143,67,1278,517,,4886,,144,214,29,24515781,0.261563651248,0.332222839163,0.405648792468
287,1995,MON,5,621,638,144,66,1268,400,,4905,,118,265,24,12364000,0.258511722732,0.314420358153,0.394495412844
288,1995,LAN,1,634,609,144,78,1303,468,,4942,,140,191,31,39273201,0.263658437879,0.327356746765,0.399838122218
289,1995,COL,2,785,783,144,77,1406,484,,4994,,200,259,43,34154717,0.281537845414,0.345016429354,0.470764917901
290,1995,SDN,3,668,672,144,70,1345,447,,4950,,116,231,20,26382334,0.271717171717,0.332036316472,0.396767676768
291,1995,SFN,4,652,776,144,67,1256,472,,4971,,152,229,33,36462777,0.252665459666,0.317471982363,0.403741701871
292,1996,CLE,1,952,769,161,99,1665,671,,5681,,218,335,23,48107360,0.293082203837,0.367758186398,0.475268438655
293,1996,CHA,2,898,794,162,85,1586,701,,5644,,195,284,33,45139500,0.281006378455,0.360441292356,0.446669029057
294,1996,ML4,3,894,899,162,80,1578,624,,5662,,178,304,40,21730000,0.27870010597,0.350302258988,0.440833627693
295,1996,MIN,4,877,900,162,78,1633,576,,5673,,118,332,47,23117000,0.287854750573,0.35349655945,0.425348140314
296,1996,KCA,5,746,786,161,75,1477,529,,5542,,123,286,38,20281250,0.266510285096,0.330423323999,0.398412125586
297,1996,NYA,1,871,787,162,92,1621,632,,5628,,162,293,28,54191792,0.28802416489,0.359904153355,0.436389481166
298,1996,BAL,2,949,903,163,88,1557,645,,5689,,257,299,29,54490315,0.273686060819,0.34764761604,0.471963438214
299,1996,BOS,3,928,921,162,85,1631,642,,5756,,209,308,31,42393500,0.283356497568,0.355267271022,0.456567060459
300,1996,TOR,4,766,809,162,74,1451,529,,5599,,177,302,35,29555083,0.259153420254,0.323107049608,0.420432220039
301,1996,DET,5,783,1103,162,53,1413,546,,5530,,204,257,21,23438000,0.255515370705,0.322416063199,0.420253164557
302,1996,TEX,1,928,799,163,90,1622,660,,5702,,221,323,32,39041528,0.284461592424,0.358692235146,0.468607506138
303,1996,SEA,2,993,895,161,85,1625,670,,5668,,245,343,19,41328501,0.286697247706,0.36210160934,0.483592095977
304,1996,OAK,3,861,900,162,78,1492,640,,5630,,243,283,21,21243000,0.265008880995,0.340031897927,0.452220248668
305,1996,CAL,4,762,943,161,70,1571,527,,5686,,192,256,24,28738000,0.276292648611,0.337679060035,0.431058740767
306,1996,SLN,1,759,706,162,88,1468,495,,5502,,142,281,31,40269667,0.266812068339,0.327330331833,0.406579425663
307,1996,HOU,2,753,792,162,82,1445,554,,5508,,129,297,29,28487000,0.262345679012,0.329759155394,0.397058823529
308,1996,CIN,3,778,773,162,81,1398,604,,5455,,191,259,36,42526334,0.256278643446,0.330417560654,0.421998166819
309,1996,CHN,4,772,771,162,76,1388,523,,5531,,175,267,19,33081000,0.250949195444,0.315659068385,0.40101247514
310,1996,PIT,5,776,833,162,73,1509,510,,5665,,138,319,33,23017500,0.266372462489,0.326963562753,0.407413945278
311,1996,ATL,1,773,648,162,96,1514,530,,5614,,197,264,28,49698500,0.269682935518,0.332682291667,0.431955824724
312,1996,MON,2,741,668,162,88,1441,492,,5505,,148,297,27,16264500,0.261762034514,0.322327830582,0.406176203451
313,1996,FLO,3,688,703,162,80,1413,553,,5498,,150,240,30,31022500,0.257002546381,0.324904974384,0.393415787559
314,1996,NYN,4,746,779,162,71,1515,445,,5618,,147,267,47,24479500,0.269668921324,0.323272307439,0.412424350303
315,1996,PHI,5,650,790,162,67,1405,536,,5499,,132,249,39,34314500,0.255501000182,0.321623860812,0.386979450809
316,1996,SDN,1,771,682,162,91,1499,601,,5655,,147,285,24,28348172,0.26507515473,0.335677749361,0.401945181256
317,1996,LAN,2,703,652,162,90,1396,516,,5538,,150,215,33,35355000,0.252076561936,0.315824248431,0.384073672806
318,1996,COL,3,961,964,162,83,1607,527,,5590,,221,297,37,40179823,0.28747763864,0.348863822135,0.472450805009
319,1996,SFN,4,752,862,162,68,1400,615,,5533,,153,245,21,37144725,0.253027290801,0.327748861418,0.387854690042
320,1997,CLE,1,868,815,161,86,1589,617,,5556,,220,301,22,56802460,0.28599712023,0.35736270857,0.466882649388
321,1997,CHA,2,779,833,161,80,1498,569,,5491,,158,260,28,57740000,0.272810052814,0.341089108911,0.416681843016
322,1997,ML4,3,681,742,161,78,1415,494,,5444,,135,294,27,23655338,0.259919177076,0.32148871674,0.398236590742
323,1997,MIN,4,772,861,162,68,1522,495,,5634,,132,305,40,34072500,0.270145544906,0.329091205743,0.408768193113
324,1997,KCA,5,747,820,161,67,1478,561,,5599,,158,256,35,34655000,0.263975709948,0.331006493506,0.406858367566
325,1997,BAL,1,812,681,162,98,1498,586,,5584,,196,264,22,58516400,0.268266475645,0.337763371151,0.428724928367
326,1997,NYA,2,891,688,162,96,1636,676,,5710,,161,325,23,62241545,0.286514886165,0.362041966802,0.436077057793
327,1997,DET,3,784,790,162,79,1415,578,,5481,,176,268,32,17272000,0.258164568509,0.328932167024,0.415070242656
328,1997,BOS,4,851,857,162,78,1684,514,,5781,,185,373,32,43558750,0.291299083204,0.349166004766,0.462895692787
329,1997,TOR,5,654,694,162,76,1333,487,,5473,,147,275,41,47079833,0.243559291065,0.305369127517,0.38936597844
330,1997,SEA,1,925,833,162,90,1574,626,,5614,,264,312,21,41540661,0.280370502316,0.352564102564,0.484503028144
331,1997,ANA,2,829,794,162,84,1531,617,,5628,,161,279,25,31135472,0.272032693674,0.343955164131,0.41631130064
332,1997,TEX,3,807,823,162,77,1547,500,,5651,,187,311,27,53448838,0.273756857193,0.33279141603,0.437621659883
333,1997,OAK,4,764,946,162,65,1451,642,,5589,,197,274,23,24018500,0.259617105028,0.335901139464,0.422615852568
334,1997,HOU,1,777,660,162,84,1427,633,,5502,,133,314,40,34777500,0.259360232643,0.335778321108,0.403489640131
335,1997,PIT,2,725,760,162,79,1440,481,,5503,,129,291,52,10771667,0.261675449755,0.321022727273,0.403779756496
336,1997,CIN,3,651,764,162,76,1386,518,,5484,,142,269,27,49768000,0.252735229759,0.317227590803,0.389314369074
337,1997,SLN,4,689,708,162,73,1409,543,,5524,,144,269,39,45456667,0.255068790731,0.321740563705,0.396089790007
338,1997,CHN,5,687,759,162,68,1444,451,,5489,,127,269,39,42155333,0.263071597741,0.319023569024,0.395700491893
339,1997,ATL,1,791,581,162,101,1490,597,,5528,,174,268,37,52278500,0.269536903039,0.340734693878,0.425832127352
340,1997,FLO,2,740,669,162,92,1410,686,,5439,,136,272,28,48692500,0.259238830667,0.342204081633,0.394557823129
341,1997,NYN,3,777,709,162,88,1448,550,,5524,,153,274,28,39800400,0.262128892107,0.328943035891,0.404960173787
342,1997,MON,4,691,740,162,78,1423,420,,5526,,172,339,34,19295500,0.25750995295,0.309956273125,0.42453854506
343,1997,PHI,5,668,840,162,68,1390,519,,5443,,116,290,35,36656500,0.255373874701,0.320194565582,0.385449200808
344,1997,SFN,1,784,793,162,90,1415,642,,5485,,172,266,37,35592378,0.257976298997,0.335727109515,0.414038286235
345,1997,LAN,2,742,645,162,88,1488,498,,5544,,174,242,33,45380304,0.268398268398,0.328699106256,0.41810966811
346,1997,COL,3,923,908,162,83,1611,562,,5603,,239,269,40,43559667,0.287524540425,0.352473641525,0.477779760842
347,1997,SDN,4,795,891,162,76,1519,604,,5609,,152,275,16,37363672,0.27081476199,0.341702881056,0.406846140132
348,1998,CLE,1,850,779,162,89,1530,630,,5616,,198,334,30,60800166,0.272435897436,0.345821325648,0.448361823362
349,1998,CHA,2,861,931,163,80,1516,551,,5585,,198,291,38,38335000,0.271441360788,0.33686440678,0.443509400179
350,1998,KCA,3,714,899,161,72,1459,475,,5546,,134,274,40,36862500,0.263072484674,0.321209101478,0.399386945546
351,1998,MIN,4,734,818,162,70,1499,506,,5641,,115,285,32,27927500,0.265733026059,0.326175370099,0.388760858004
352,1998,DET,5,722,863,162,65,1494,455,,5664,,165,306,29,24065000,0.263771186441,0.318516097402,0.41543079096
353,1998,NYA,1,965,656,162,114,1625,653,,5643,,207,290,31,66806867,0.287967393231,0.361817026684,0.460393407762
354,1998,BOS,2,876,729,162,92,1568,541,,5601,,205,338,35,56757000,0.279950008927,0.343373493976,0.462595965006
355,1998,TOR,3,816,768,163,88,1482,564,,5580,,221,316,19,51376000,0.265591397849,0.3330078125,0.447849462366
356,1998,BAL,4,817,785,162,79,1520,593,,5565,,214,303,11,72355634,0.273135669362,0.343130886652,0.446900269542
357,1998,TBA,5,620,751,162,63,1450,473,,5555,,111,267,43,27280000,0.26102610261,0.31901128069,0.384518451845
358,1998,TEX,1,940,871,162,88,1637,595,,5672,,201,314,32,56572095,0.288610719323,0.35615126855,0.461565585331
359,1998,ANA,2,787,783,162,85,1530,510,,5630,,147,314,27,41281000,0.271758436945,0.332247557003,0.415452930728
360,1998,SEA,3,859,855,161,76,1553,558,,5628,,234,321,28,54087036,0.275941719972,0.341254445522,0.467661691542
361,1998,OAK,4,804,866,162,74,1413,633,,5490,,149,295,13,21303000,0.25737704918,0.334149926507,0.397267759563
362,1998,HOU,1,874,620,162,102,1578,621,,5641,,166,326,28,42374000,0.279737635171,0.351165761737,0.435738344265
363,1998,CHN,2,831,792,163,90,1494,601,,5649,,212,250,34,50838000,0.264471587892,0.3352,0.433351035582
364,1998,SLN,3,810,782,163,83,1444,676,,5593,,223,292,30,54672521,0.258179867692,0.33817195725,0.440729483283
365,1998,CIN,4,750,760,162,77,1441,608,,5496,,138,298,28,23005000,0.262190684134,0.335681520315,0.4019286754
366,1998,MIL,5,707,812,162,74,1439,532,,5541,,152,266,17,33914904,0.259700415088,0.324551292607,0.396137881249
367,1998,PIT,6,650,718,163,69,1395,393,,5493,,107,271,35,15065000,0.253959584926,0.30377166157,0.37447660659
368,1998,ATL,1,826,581,162,106,1489,548,,5484,,215,297,26,61186000,0.271517140773,0.337698938992,0.452771699489
369,1998,NYN,2,706,645,162,88,1425,572,,5510,,136,289,24,52077999,0.258620689655,0.328345938836,0.393829401089
370,1998,PHI,3,713,808,162,75,1482,508,,5617,,126,286,36,36297500,0.263841908492,0.324897959184,0.394872707851
371,1998,MON,4,644,783,162,65,1348,439,,5418,,147,280,32,10641500,0.248800295312,0.305105002561,0.393687707641
372,1998,FLO,5,667,923,162,54,1381,525,,5558,,114,277,36,41322667,0.248470672904,0.313332237383,0.372795969773
373,1998,SDN,1,749,635,162,98,1390,604,,5490,,167,292,30,46861500,0.253187613843,0.32720708894,0.408561020036
374,1998,SFN,2,845,739,163,89,1540,678,,5628,,161,292,26,42565834,0.273631840796,0.351728512528,0.420575692964
375,1998,LAN,3,669,678,162,83,1374,447,,5459,,159,209,27,48820000,0.251694449533,0.308330511344,0.387250412163
376,1998,COL,4,826,855,162,77,1640,469,,5632,,183,333,36,50484648,0.291193181818,0.345681035896,0.460582386364
377,1998,ARI,5,665,812,162,65,1353,489,,5491,,159,235,46,32347000,0.246403205245,0.308026755853,0.392824622109
378,1999,CLE,1,1009,860,162,97,1629,743,,5634,,209,309,32,72978462,0.289137380192,0.371961737494,0.466631167909
379,1999,CHA,2,777,870,162,75,1563,499,,5644,,162,298,37,25620000,0.276931254429,0.335666612404,0.428951098512
380,1999,DET,3,747,882,161,69,1433,458,,5481,,212,289,34,36489666,0.261448640759,0.318403771679,0.442619959861
381,1999,KCA,4,856,921,161,64,1584,535,,5624,,151,294,52,26225000,0.281650071124,0.344049358662,0.432965860597
382,1999,MIN,5,686,845,161,63,1450,500,,5495,,105,285,30,21257500,0.263876251137,0.325271059216,0.38398544131
383,1999,NYA,1,900,731,162,98,1568,718,,5568,,193,302,36,86734359,0.281609195402,0.363665287941,0.452765804598
384,1999,BOS,2,836,718,162,94,1551,597,,5579,,176,334,42,63497500,0.278006811256,0.347797927461,0.447571249328
385,1999,TOR,3,883,862,162,84,1580,578,,5642,,212,337,14,45444333,0.280042538107,0.346945337621,0.457461892946
386,1999,BAL,4,851,815,162,78,1572,615,,5637,,203,299,21,80605863,0.278871740287,0.34980806142,0.447401099876
387,1999,TBA,5,772,913,162,69,1531,544,,5586,,145,272,29,38870000,0.274078052274,0.338499184339,0.411027568922
388,1999,TEX,1,945,859,162,95,1653,611,,5651,,230,304,29,76709931,0.292514599186,0.361545832003,0.478676340471
389,1999,OAK,2,893,846,162,87,1430,770,,5519,,235,287,20,24431833,0.25910491031,0.34981714104,0.446095307121
390,1999,SEA,3,859,905,162,79,1499,610,,5572,,244,263,21,54125003,0.269023689878,0.341151730831,0.455132806892
391,1999,ANA,4,711,826,162,70,1404,511,,5494,,158,248,22,55388166,0.255551510739,0.318900915903,0.394976337823
392,1999,HOU,1,823,675,162,97,1463,728,,5485,,168,293,23,54914000,0.266727438469,0.352647674231,0.420419325433
393,1999,CIN,2,865,711,163,96,1536,569,,5649,,209,312,37,33962761,0.27190653213,0.338533290447,0.451230306249
394,1999,PIT,3,775,782,161,78,1417,573,,5468,,171,282,40,24697666,0.259144111192,0.329415659659,0.419166057059
395,1999,SLN,4,809,838,161,75,1461,613,,5570,,194,274,27,49778195,0.262298025135,0.335435872554,0.425673249551
396,1999,MIL,5,815,886,161,74,1524,658,,5582,,165,299,30,43377395,0.273020422788,0.349679487179,0.426012182014
397,1999,CHN,6,747,920,162,67,1411,571,,5482,,189,255,35,62343000,0.257387814666,0.327440938378,0.420102152499
398,1999,ATL,1,840,661,162,103,1481,608,,5569,,197,309,23,73140000,0.26593643383,0.3381900599,0.43580535105
399,1999,NYN,2,853,711,163,97,1553,717,,5572,,181,297,14,65092092,0.278715003589,0.360947686437,0.434493898062
400,1999,PHI,3,841,846,162,77,1539,631,,5598,,161,302,44,31692500,0.274919614148,0.348370524964,0.430868167203
401,1999,MON,4,718,853,162,68,1473,438,,5559,,163,320,47,17903000,0.264975715057,0.318659329665,0.427415002698
402,1999,FLO,5,691,852,162,64,1465,479,,5578,,128,266,44,21085000,0.262638938688,0.320950965825,0.394944424525
403,1999,ARI,1,908,676,162,100,1566,588,,5658,,216,289,46,68703999,0.276776246023,0.344860710855,0.458642629905
404,1999,SFN,2,872,831,162,86,1507,696,,5563,,188,307,18,46595057,0.270896998023,0.351973158652,0.43393852238
405,1999,LAN,3,793,787,162,77,1480,594,,5567,,187,253,23,80862453,0.265852344171,0.336633663366,0.42033411173
406,1999,SDN,4,710,781,162,74,1360,631,,5394,,153,256,22,49768179,0.252131998517,0.330456431535,0.39284390063
407,1999,COL,5,906,1028,162,72,1644,508,,5716,,223,305,39,61935837,0.287613715885,0.345758354756,0.471658502449
408,2000,CHA,1,978,839,162,95,1615,591,53.0,5646,61.0,216,325,33,31133500,0.286043216436,0.353695687029,0.470067304286
409,2000,CLE,2,950,816,162,90,1639,685,51.0,5683,52.0,221,310,30,75880771,0.288404011966,0.364949748744,0.470174203766
410,2000,DET,3,823,827,162,79,1553,562,43.0,5644,49.0,177,307,41,58265167,0.275159461375,0.340799226555,0.438164422395
411,2000,KCA,4,879,930,162,77,1644,511,48.0,5709,70.0,150,281,27,23433000,0.287966368891,0.346463022508,0.425468558417
412,2000,MIN,5,748,880,162,69,1516,556,35.0,5615,51.0,116,325,49,16519500,0.26999109528,0.335764057689,0.407301869991
413,2000,NYA,1,871,814,161,87,1541,631,57.0,5556,50.0,205,294,25,92338260,0.277357811375,0.351058671408,0.44996400288
414,2000,BOS,2,792,745,162,85,1503,611,42.0,5630,48.0,167,316,32,77940333,0.266962699822,0.338727767986,0.423445825933
415,2000,TOR,3,861,908,162,83,1562,526,60.0,5677,34.0,244,328,21,44838332,0.275145323234,0.336611317105,0.46926193412
416,2000,BAL,4,794,913,162,74,1508,558,49.0,5549,54.0,184,310,22,81447435,0.2717606776,0.338300311118,0.43503333934
417,2000,TBA,5,733,842,161,69,1414,559,48.0,5505,40.0,162,253,22,62765129,0.256857402361,0.325362796834,0.399091734787
418,2000,OAK,1,947,813,161,91,1501,750,52.0,5560,44.0,239,281,23,31971333,0.269964028777,0.356735340729,0.45773381295
419,2000,SEA,2,907,780,162,91,1481,775,48.0,5497,61.0,198,300,26,58915000,0.269419683464,0.359693877551,0.441513552847
420,2000,ANA,3,864,869,162,82,1574,608,47.0,5628,43.0,236,309,34,51464167,0.279673063255,0.349903784477,0.472459132907
421,2000,TEX,4,848,974,162,71,1601,580,39.0,5648,48.0,173,330,35,70795921,0.283463172805,0.350192678227,0.446175637394
422,2000,SLN,1,887,771,162,95,1481,675,84.0,5478,53.0,235,259,25,61453863,0.270354143848,0.35039817975,0.455458196422
423,2000,CIN,2,825,765,163,85,1545,559,64.0,5635,58.0,200,302,36,46867200,0.274179236912,0.33968356474,0.447027506655
424,2000,MIL,3,740,826,163,73,1366,620,61.0,5563,49.0,177,297,25,36505333,0.245550961711,0.321203299369,0.403379471508
425,2000,HOU,4,938,944,162,72,1547,673,83.0,5570,61.0,249,289,36,51289111,0.277737881508,0.355598270062,0.476660682226
426,2000,PIT,5,793,888,162,69,1506,564,66.0,5643,37.0,168,320,31,28928334,0.266879319511,0.333494441759,0.423888002835
427,2000,CHN,6,764,904,162,65,1426,632,54.0,5577,45.0,183,272,23,60539333,0.255693024924,0.331454340474,0.411152949614
428,2000,ATL,1,810,714,162,95,1490,595,59.0,5489,45.0,179,274,26,84537836,0.271451994899,0.342702169625,0.428675532884
429,2000,NYN,2,807,738,162,94,1445,675,45.0,5486,51.0,198,282,20,79509776,0.263397739701,0.344099983769,0.430368209989
430,2000,FLO,3,731,797,161,79,1441,540,60.0,5509,51.0,160,274,29,19872000,0.261571973135,0.327492147462,0.408967144672
431,2000,MON,4,738,902,162,67,1475,476,29.0,5535,34.0,178,310,35,32994333,0.266485998193,0.324571618699,0.431616982836
432,2000,PHI,5,708,830,162,65,1386,611,44.0,5511,37.0,144,304,40,47308000,0.251497005988,0.326200588043,0.399564507349
433,2000,SFN,1,925,747,162,97,1535,709,51.0,5519,66.0,226,304,44,53737826,0.278130096032,0.360308285164,0.472005798152
434,2000,LAN,2,798,729,162,86,1408,668,51.0,5481,46.0,211,265,28,87924286,0.256887429301,0.3376158725,0.430943258529
435,2000,ARI,3,792,754,162,85,1466,535,59.0,5527,58.0,179,282,44,81027833,0.265243350823,0.330089079512,0.429346842772
436,2000,COL,4,968,897,162,82,1664,601,42.0,5660,75.0,161,320,53,61111190,0.293992932862,0.361763296598,0.454593639576
437,2000,SDN,5,752,815,162,76,1413,602,46.0,5560,43.0,157,279,37,54821000,0.254136690647,0.327004219409,0.402338129496
438,2001,CLE,1,897,821,162,91,1559,577,69.0,5600,62.0,212,294,37,93152001,0.278392857143,0.34579893152,0.457678571429
439,2001,MIN,2,771,766,162,85,1514,495,64.0,5560,38.0,164,328,38,24130000,0.272302158273,0.331791907514,0.43345323741
440,2001,CHA,3,798,795,162,83,1463,520,52.0,5464,51.0,214,300,29,65653667,0.267752562225,0.33138368984,0.450768667643
441,2001,DET,4,724,876,162,66,1439,466,51.0,5537,49.0,139,291,60,53416167,0.259888026007,0.317341329335,0.409427487809
442,2001,KCA,5,729,858,162,65,1503,406,44.0,5643,47.0,152,277,37,35422500,0.2663476874,0.315589353612,0.409356725146
443,2001,NYA,1,804,713,161,95,1488,519,64.0,5577,43.0,203,289,20,112287143,0.266810112964,0.329232283465,0.435000896539
444,2001,BOS,2,772,745,161,82,1493,520,70.0,5605,41.0,198,316,29,110035833,0.266369313113,0.328653061224,0.439072256913
445,2001,TOR,3,767,753,162,80,1489,470,74.0,5663,43.0,195,287,36,76895999,0.262934840191,0.31941953367,0.429630937666
446,2001,BAL,4,687,829,162,63,1359,514,77.0,5472,49.0,136,262,24,67599540,0.248355263158,0.312896759105,0.37956871345
447,2001,TBA,5,672,887,162,62,1426,456,54.0,5524,25.0,121,311,21,56980000,0.258146270818,0.314715719064,0.387762490949
448,2001,SEA,1,927,627,162,116,1637,614,62.0,5680,70.0,169,310,38,74720834,0.288204225352,0.35764219892,0.445422535211
449,2001,OAK,2,884,645,162,102,1469,640,88.0,5573,59.0,199,334,22,33810750,0.263592320115,0.339449541284,0.438542975058
450,2001,ANA,3,691,730,162,75,1447,494,77.0,5551,53.0,158,275,26,47535167,0.260673752477,0.321091811414,0.404972077103
451,2001,TEX,4,890,968,162,73,1566,548,75.0,5685,55.0,246,326,23,88633500,0.275461741425,0.33916252206,0.470712401055
452,2001,HOU,1,847,769,162,93,1500,581,89.0,5528,56.0,208,313,29,60612667,0.271345875543,0.340644950074,0.451338639653
453,2001,SLN,2,814,684,162,93,1469,529,65.0,5450,50.0,199,274,32,78538333,0.269541284404,0.334169593578,0.441100917431
454,2001,CHN,3,777,701,162,88,1409,577,66.0,5406,53.0,194,268,32,64715833,0.260636330004,0.331940498078,0.429707732149
455,2001,MIL,4,740,806,162,68,1378,488,72.0,5488,35.0,209,273,30,43886833,0.251093294461,0.312248995984,0.426020408163
456,2001,CIN,5,735,850,162,66,1464,468,65.0,5583,40.0,176,304,22,48986000,0.262224610425,0.319286068418,0.419129500269
457,2001,PIT,6,657,858,162,62,1333,467,67.0,5398,35.0,161,256,25,57760833,0.246943312338,0.306905370844,0.393108558725
458,2001,ATL,1,729,643,162,88,1432,493,45.0,5498,52.0,174,263,24,91936166,0.26045834849,0.321315306293,0.411967988359
459,2001,PHI,2,746,719,162,86,1431,551,43.0,5497,61.0,164,295,29,41663833,0.260323812989,0.327711640212,0.414044024013
460,2001,NYN,3,642,713,162,82,1361,545,65.0,5459,35.0,147,273,18,93174428,0.249313061,0.31745502998,0.386700860964
461,2001,FLO,4,742,744,162,76,1461,470,67.0,5542,45.0,166,325,30,35762500,0.263623240707,0.32119095143,0.422952002887
462,2001,MON,5,670,812,162,68,1361,478,60.0,5379,45.0,131,320,28,35159500,0.253021007622,0.313983267885,0.395984383714
463,2001,ARI,1,818,677,162,92,1494,587,57.0,5595,36.0,208,284,35,85082999,0.267024128686,0.336622452281,0.4418230563
464,2001,SFN,2,799,748,162,90,1493,625,50.0,5612,54.0,235,304,40,63280167,0.266037063435,0.339586339586,0.460085531005
465,2001,LAN,3,758,744,162,86,1399,519,56.0,5493,44.0,206,264,27,109105953,0.254687784453,0.319028609448,0.425086473694
466,2001,SDN,4,789,812,162,79,1379,678,41.0,5482,48.0,161,273,26,39182833,0.251550529004,0.333928571429,0.398941991974
467,2001,COL,5,923,906,162,73,1663,511,61.0,5690,50.0,213,324,61,71541334,0.292267135325,0.35058861474,0.48295254833
468,2002,MIN,1,768,712,161,94,1518,472,56.0,5582,52.0,167,348,36,40425000,0.271945539233,0.328708292038,0.436940164815
469,2002,CHA,2,856,798,162,81,1475,555,49.0,5502,53.0,217,289,29,57052833,0.26808433297,0.335149413901,0.449472918939
470,2002,CLE,3,739,837,162,74,1349,542,56.0,5423,39.0,192,255,26,78909449,0.248755301494,0.317015926236,0.411580306104
471,2002,KCA,4,737,891,162,62,1415,524,52.0,5535,51.0,140,285,42,47257000,0.255645889792,0.320019805248,0.398193315266
472,2002,DET,5,575,864,161,55,1340,363,64.0,5406,57.0,124,265,37,55048000,0.247872733999,0.295198474606,0.379393266741
473,2002,NYA,1,897,697,161,103,1540,640,72.0,5601,41.0,223,314,12,125928583,0.274950901625,0.349302996315,0.45474022496
474,2002,BOS,2,859,665,162,93,1560,545,72.0,5640,53.0,177,348,33,108366060,0.276595744681,0.340339531124,0.44414893617
475,2002,TOR,3,813,828,162,78,1457,522,53.0,5581,57.0,187,305,38,76864333,0.26106432539,0.324266754055,0.429851281132
476,2002,BAL,4,667,773,162,67,1353,452,64.0,5491,49.0,165,311,27,60493487,0.246403205245,0.303718660609,0.403023128756
477,2002,TBA,5,673,918,161,55,1418,456,58.0,5604,36.0,133,297,35,34380000,0.253033547466,0.309240924092,0.389721627409
478,2002,OAK,1,800,654,162,103,1450,609,68.0,5558,36.0,205,279,28,40004167,0.260885210507,0.333873844657,0.431810003598
479,2002,ANA,2,851,644,162,99,1603,462,74.0,5678,64.0,152,333,32,61721667,0.282317717506,0.336319218241,0.432546671363
480,2002,SEA,3,814,699,162,93,1531,629,51.0,5569,72.0,152,285,31,80282668,0.27491470641,0.348499515973,0.419105764051
481,2002,TEX,4,843,882,162,72,1510,554,62.0,5618,50.0,230,304,27,105526122,0.268778924884,0.334413480233,0.455322178711
482,2002,SLN,1,787,648,162,97,1475,542,67.0,5505,49.0,175,285,26,74660875,0.267938237965,0.333553828345,0.424523160763
483,2002,HOU,2,749,695,162,84,1441,589,59.0,5503,37.0,167,291,32,63448417,0.261857168817,0.333223900197,0.417408686171
484,2002,CIN,3,709,774,162,78,1386,583,66.0,5470,40.0,169,297,21,45050390,0.253382084095,0.32529324302,0.408043875686
485,2002,PIT,4,641,730,161,72,1300,537,73.0,5330,41.0,142,263,20,42323599,0.243902439024,0.313107209818,0.380675422139
486,2002,CHN,5,706,759,162,67,1351,585,44.0,5496,39.0,200,259,29,75690833,0.245815138282,0.31836868936,0.412663755459
487,2002,MIL,6,627,821,162,56,1369,500,55.0,5415,34.0,139,269,29,50287833,0.252816251154,0.315976331361,0.390212373038
488,2002,ATL,1,708,565,161,101,1428,558,54.0,5495,49.0,164,280,25,92870367,0.259872611465,0.328101767718,0.409463148317
489,2002,MON,2,735,718,162,83,1432,575,46.0,5479,42.0,162,300,36,38670500,0.261361562329,0.331516352825,0.417959481657
490,2002,PHI,3,710,724,161,80,1428,640,53.0,5523,39.0,165,325,41,57954999,0.25855513308,0.335550868084,0.421872170922
491,2002,FLO,4,699,763,162,79,1433,595,61.0,5496,49.0,146,280,32,41979917,0.260735080058,0.332950254474,0.403020378457
492,2002,NYN,5,690,703,161,75,1409,486,63.0,5496,30.0,160,238,22,94633593,0.256368267831,0.316783684386,0.395014556041
493,2002,ARI,1,819,674,162,98,1471,643,50.0,5508,53.0,165,283,41,102819999,0.267066085694,0.343683953829,0.423202614379
494,2002,SFN,2,783,616,162,95,1465,616,65.0,5497,52.0,198,300,35,78299835,0.266509004912,0.340422051366,0.441877387666
495,2002,LAN,3,713,643,162,92,1464,428,53.0,5554,44.0,155,286,29,94850953,0.263593806266,0.316282179873,0.409254591286
496,2002,COL,4,778,898,162,73,1508,497,56.0,5512,50.0,152,283,41,56851043,0.27358490566,0.333666167416,0.422532656023
497,2002,SDN,5,662,815,162,66,1393,547,30.0,5515,41.0,136,243,29,41425000,0.252583862194,0.320026393929,0.381142339075
498,2003,MIN,1,801,758,162,90,1567,512,63.0,5655,52.0,155,318,45,55505000,0.277099911583,0.337116912599,0.431476569408
499,2003,CHA,2,791,715,162,86,1445,519,58.0,5487,41.0,220,303,19,51010000,0.263349735739,0.327006327006,0.44578093676
500,2003,KCA,3,836,867,162,83,1526,476,75.0,5568,57.0,162,288,39,40518000,0.274066091954,0.331237590999,0.427083333333
501,2003,CLE,4,699,778,162,68,1413,466,62.0,5572,41.0,158,296,26,48584834,0.253589375449,0.311195760185,0.401112706389
502,2003,DET,5,591,928,162,43,1312,443,47.0,5466,49.0,153,201,39,49168000,0.240029271862,0.297004569301,0.375045737285
503,2003,NYA,1,877,716,163,101,1518,684,81.0,5605,35.0,230,304,14,152749814,0.270829616414,0.350135156623,0.453166815343
504,2003,BOS,2,961,809,162,95,1667,620,53.0,5769,64.0,238,371,40,99946500,0.288958224996,0.357958992018,0.490899635985
505,2003,TOR,3,894,826,162,86,1580,546,90.0,5661,56.0,190,357,33,51269000,0.279102632044,0.342516513614,0.454513336866
506,2003,BAL,4,743,820,163,71,1516,431,54.0,5665,40.0,152,277,24,73877500,0.267608120035,0.31938976378,0.405472197705
507,2003,TBA,5,715,852,162,63,1501,420,56.0,5654,50.0,137,298,38,19630000,0.265475769367,0.316266052025,0.404315528829
508,2003,OAK,1,768,643,162,96,1398,556,59.0,5497,53.0,176,317,24,50260834,0.254320538476,0.322815132992,0.416772785156
509,2003,SEA,2,795,637,162,93,1509,586,53.0,5561,46.0,139,290,33,86959167,0.271354073008,0.340816658533,0.410357849308
510,2003,ANA,3,736,743,162,77,1473,476,56.0,5487,50.0,150,276,33,79031667,0.268452706397,0.32684890156,0.412793876435
511,2003,TEX,4,826,969,162,71,1506,488,75.0,5664,42.0,239,274,36,103491667,0.265889830508,0.324122236671,0.453566384181
512,2003,CHN,1,724,683,162,88,1431,492,50.0,5519,46.0,172,302,24,79868333,0.259286102555,0.319913491931,0.4161985867
513,2003,HOU,2,805,677,162,87,1466,557,81.0,5583,38.0,191,308,30,71040000,0.262582840767,0.329478827362,0.431130216729
514,2003,SLN,3,876,796,162,85,1580,580,73.0,5672,54.0,196,342,32,83786666,0.27856135402,0.345489443378,0.453808180536
515,2003,PIT,4,753,801,162,75,1492,529,87.0,5581,38.0,163,275,45,54812429,0.267335602939,0.330769230769,0.42035477513
516,2003,CIN,5,694,886,162,69,1349,524,79.0,5509,32.0,182,239,21,59355667,0.244872027591,0.310459141389,0.394990016337
517,2003,MIL,6,714,873,162,68,1423,547,71.0,5548,40.0,196,266,24,40627000,0.256488824802,0.323215750615,0.419069935112
518,2003,ATL,1,907,740,162,101,1608,545,49.0,5670,49.0,235,321,31,106243667,0.283597883598,0.34641995173,0.475485008818
519,2003,FLO,2,751,692,162,91,1459,515,57.0,5490,41.0,157,292,44,49450000,0.265755919854,0.328726061615,0.420765027322
520,2003,PHI,3,791,697,162,86,1448,651,55.0,5543,38.0,166,325,27,70780000,0.26123038066,0.338876331934,0.419447952372
521,2003,MON,4,711,716,162,83,1404,522,45.0,5437,40.0,144,294,25,51948500,0.258230641898,0.323208592046,0.400956409785
522,2003,NYN,5,642,754,161,66,1317,489,54.0,5341,45.0,124,262,24,116876429,0.246583036884,0.309777015437,0.374274480434
523,2003,SFN,1,755,638,161,100,1440,593,40.0,5456,39.0,180,281,29,82852167,0.263929618768,0.336088609688,0.425036656891
524,2003,LAN,2,574,556,162,85,1328,407,72.0,5458,28.0,124,260,25,105572620,0.243312568706,0.295822676897,0.368266764383
525,2003,ARI,3,717,685,162,84,1467,531,45.0,5570,52.0,152,303,47,80657000,0.263375224417,0.327487297164,0.416517055655
526,2003,COL,4,853,892,162,74,1472,619,52.0,5518,38.0,198,330,31,67179667,0.266763320043,0.340720221607,0.445451250453
527,2003,SDN,5,678,831,162,64,1442,565,57.0,5531,42.0,128,257,32,45210000,0.260712348581,0.329232283465,0.388175736756
528,2004,MIN,1,780,715,162,92,1494,513,64.0,5623,40.0,191,310,24,53585000,0.265694469145,0.327086049544,0.431264449582
529,2004,CHA,2,865,831,162,83,1481,499,63.0,5534,42.0,242,284,19,65212500,0.267618359234,0.328194927897,0.456993133357
530,2004,CLE,3,858,857,162,80,1565,606,78.0,5676,42.0,184,345,29,34319300,0.275722339676,0.34559057625,0.443974630021
531,2004,DET,4,827,844,162,72,1531,518,50.0,5623,43.0,201,284,54,46832000,0.27227458652,0.33365901319,0.449226391606
532,2004,KCA,5,720,905,162,58,1432,461,76.0,5538,38.0,150,261,29,47609000,0.258577103648,0.315552592099,0.397435897436
533,2004,NYA,1,897,808,162,101,1483,670,80.0,5527,50.0,242,281,20,184193950,0.268319160485,0.347426173955,0.457752849647
534,2004,BOS,2,949,768,162,98,1613,659,69.0,5720,55.0,222,373,25,127298500,0.281993006993,0.356168678476,0.472377622378
535,2004,BAL,3,842,830,162,78,1614,528,57.0,5736,62.0,169,319,18,51623333,0.281380753138,0.341954022989,0.431659693166
536,2004,TBA,4,714,842,161,70,1416,469,55.0,5483,56.0,145,278,46,29556667,0.258252781324,0.316700268817,0.405070217034
537,2004,TOR,5,719,823,161,67,1438,513,71.0,5531,42.0,145,290,34,50017000,0.259989152052,0.322799470549,0.403362863858
538,2004,ANA,1,836,734,162,92,1603,450,73.0,5675,41.0,162,272,37,100534667,0.282466960352,0.335183673469,0.429074889868
539,2004,OAK,2,793,742,162,91,1545,608,55.0,5728,43.0,189,336,15,59425667,0.269727653631,0.339804292929,0.432611731844
540,2004,TEX,3,860,794,162,89,1492,500,61.0,5615,57.0,227,323,34,55050417,0.26571682992,0.325756336877,0.456634016028
541,2004,SEA,4,698,823,162,63,1544,492,54.0,5722,48.0,136,276,20,81515834,0.269835721776,0.327647248149,0.396364907375
542,2004,SLN,1,855,659,162,105,1544,548,51.0,5555,70.0,214,319,24,83228333,0.277947794779,0.342782238243,0.459585958596
543,2004,HOU,2,803,698,162,92,1458,590,61.0,5468,52.0,187,294,36,75397000,0.26664228237,0.338065368108,0.436174103877
544,2004,CHN,3,789,665,162,89,1508,489,38.0,5628,48.0,235,308,29,90560000,0.267945984364,0.326467222495,0.458244491827
545,2004,CIN,4,750,907,162,76,1380,599,81.0,5518,25.0,194,287,28,46615250,0.250090612541,0.323524603564,0.417723812976
546,2004,PIT,5,680,744,161,72,1428,415,95.0,5483,42.0,142,267,39,32227929,0.260441364217,0.312478806375,0.401057815065
547,2004,MIL,6,634,757,161,67,1358,540,68.0,5483,40.0,135,295,32,27528500,0.247674630677,0.315125352814,0.387014408171
548,2004,ATL,1,803,668,162,96,1503,587,59.0,5570,48.0,178,304,37,90182500,0.269838420108,0.339451031346,0.433572710952
549,2004,PHI,2,840,781,162,86,1505,645,58.0,5643,46.0,215,303,23,92919167,0.266702108807,0.341921119593,0.442849548113
550,2004,FLO,3,718,700,162,83,1447,499,58.0,5486,40.0,148,275,32,42143042,0.263762304047,0.32514619883,0.406489245352
551,2004,NYN,4,684,731,162,71,1376,512,61.0,5532,34.0,185,289,20,96660970,0.248734634852,0.312375909993,0.408532176428
552,2004,MON,5,635,769,162,67,1361,496,35.0,5474,33.0,151,276,27,40897500,0.248629886737,0.311055276382,0.391669711363
553,2004,LAN,1,761,684,162,93,1450,536,62.0,5542,35.0,203,226,30,92902001,0.26163839769,0.326752221125,0.423132443161
554,2004,SFN,2,850,770,162,91,1500,705,72.0,5546,51.0,183,314,33,82019166,0.270465200144,0.35274356103,0.4379733141
555,2004,SDN,3,768,705,162,87,1521,566,56.0,5573,66.0,139,304,32,55384833,0.272923021712,0.339957647825,0.413780728512
556,2004,COL,4,833,923,162,68,1531,568,54.0,5577,37.0,202,331,34,65445167,0.274520351443,0.341578519121,0.454724762417
557,2004,ARI,5,615,899,162,51,1401,441,35.0,5544,37.0,135,295,38,69780750,0.252705627706,0.307769423559,0.392676767677
558,2005,CHA,1,741,645,162,99,1450,435,79.0,5529,49.0,200,253,23,75178000,0.262253572075,0.316063044936,0.424850786761
559,2005,CLE,2,790,642,162,93,1522,503,54.0,5609,50.0,207,337,30,41502500,0.271349616687,0.331315445026,0.452843644143
560,2005,MIN,3,688,662,162,83,1441,485,59.0,5564,42.0,134,269,32,56186000,0.258986340762,0.318399735493,0.391085549964
561,2005,DET,4,723,787,162,71,1521,384,53.0,5602,52.0,168,283,45,69092000,0.271510174938,0.318242565987,0.42806140664
562,2005,KCA,5,701,935,162,56,1445,424,63.0,5503,50.0,126,289,34,36881000,0.262584045066,0.315336595242,0.396147555879
563,2005,NYA,1,886,789,162,95,1552,637,73.0,5624,43.0,229,259,16,208306817,0.275960170697,0.349624660597,0.449857752489
564,2005,BOS,2,910,805,162,95,1579,653,47.0,5626,63.0,199,339,21,123505125,0.280661215784,0.35547061634,0.454496978315
565,2005,TOR,3,775,705,162,80,1480,486,89.0,5581,56.0,136,307,39,45719500,0.265185450636,0.324048129224,0.407274681957
566,2005,BAL,4,729,800,162,74,1492,447,54.0,5551,42.0,189,296,27,73914333,0.268780399928,0.323274424808,0.433975860205
567,2005,TBA,5,750,936,162,67,1519,412,69.0,5552,51.0,157,289,40,29679067,0.273595100865,0.323775989269,0.424891930836
568,2005,LAA,1,761,643,162,95,1520,447,29.0,5624,39.0,147,278,30,94867822,0.27027027027,0.32399934113,0.408783783784
569,2005,OAK,2,772,658,162,88,1476,537,52.0,5627,40.0,155,310,20,55425762,0.262306735383,0.326573653472,0.407144126533
570,2005,TEX,3,865,858,162,79,1528,495,48.0,5716,32.0,260,311,29,55849000,0.267319804059,0.325712445661,0.46833449965
571,2005,SEA,4,699,751,162,69,1408,466,48.0,5507,37.0,130,289,34,87754334,0.255674595969,0.313745186673,0.391320138006
572,2005,SLN,1,805,634,162,100,1494,534,62.0,5538,35.0,170,287,26,92106833,0.26977248104,0.333992094862,0.423076923077
573,2005,HOU,2,693,609,163,89,1400,481,72.0,5462,42.0,161,281,32,76779000,0.256316367631,0.31650681474,0.407909190773
574,2005,MIL,3,726,697,162,81,1413,531,73.0,5448,38.0,175,327,19,39934833,0.25936123348,0.32513798294,0.422723935389
575,2005,CHN,4,703,714,162,79,1506,419,50.0,5584,37.0,194,323,23,87032933,0.269699140401,0.320672996835,0.440007163324
576,2005,CIN,5,820,889,163,73,1453,611,62.0,5565,39.0,222,335,15,61892583,0.261096136568,0.334196891192,0.446361185984
577,2005,PIT,6,680,769,162,67,1445,471,72.0,5573,49.0,139,292,38,38133000,0.259285842455,0.317008603574,0.400143549255
578,2005,ATL,1,769,674,162,90,1453,534,45.0,5486,46.0,184,308,37,86457302,0.264855997083,0.330066445183,0.435107546482
579,2005,PHI,2,807,726,162,88,1494,639,56.0,5542,46.0,167,282,35,95522000,0.269577769758,0.345089791296,0.42349332371
580,2005,FLO,3,717,732,162,83,1499,512,67.0,5502,50.0,128,306,32,60408834,0.272446383133,0.334386431659,0.409487459106
581,2005,NYN,3,722,648,162,83,1421,486,48.0,5505,38.0,175,279,32,101305821,0.25812897366,0.318310799533,0.415803814714
582,2005,WAS,5,639,673,162,81,1367,491,89.0,5426,45.0,117,311,32,48581500,0.251935127165,0.314010478283,0.385735348323
583,2005,SDN,1,684,726,162,82,1416,600,49.0,5502,48.0,130,269,39,63290833,0.257360959651,0.330383480826,0.391312250091
584,2005,ARI,2,696,856,162,77,1419,606,55.0,5550,45.0,191,291,27,62329166,0.255675675676,0.328947368421,0.421081081081
585,2005,SFN,3,649,745,162,75,1427,431,49.0,5462,44.0,128,299,26,90199500,0.261259611864,0.315289326319,0.39582570487
586,2005,LAN,4,685,755,162,71,1374,541,67.0,5433,33.0,149,284,21,83039000,0.252898950856,0.320555741547,0.395177618259
587,2005,COL,5,740,862,162,67,1477,509,64.0,5542,34.0,150,280,34,47839000,0.266510285096,0.328210213188,0.410501623962
588,2006,MIN,1,801,683,162,96,1608,490,50.0,5602,55.0,143,275,34,63396006,0.287040342735,0.344386080105,0.424848268476
589,2006,DET,2,822,675,162,95,1548,430,45.0,5642,36.0,203,294,40,82612866,0.2743707905,0.325757575758,0.448599787309
590,2006,CHA,3,868,794,162,90,1586,502,58.0,5657,57.0,236,291,20,102750667,0.280360615167,0.339016074038,0.464026869365
591,2006,CLE,4,870,782,162,78,1576,556,54.0,5619,43.0,196,351,27,56031500,0.280476953195,0.345263157895,0.45719878982
592,2006,KCA,5,757,971,162,62,1515,474,64.0,5589,48.0,124,335,37,47294000,0.271068169619,0.32805541811,0.410806942208
593,2006,NYA,1,930,767,162,97,1608,649,72.0,5651,49.0,210,327,21,194663079,0.284551406831,0.358253968254,0.461334277119
594,2006,TOR,2,809,754,162,87,1591,514,63.0,5596,52.0,199,348,27,71365000,0.284310221587,0.344517184943,0.462830593281
595,2006,BOS,3,820,825,162,86,1510,672,66.0,5619,56.0,192,327,16,120099824,0.268731090941,0.346844698776,0.435130806193
596,2006,BAL,4,768,899,162,70,1556,474,73.0,5610,41.0,164,288,20,72585582,0.277361853832,0.333662064431,0.423529411765
597,2006,TBA,5,689,856,162,61,1395,441,47.0,5474,43.0,190,267,33,34917967,0.254841066862,0.310397295013,0.41980270369
598,2006,OAK,1,771,727,162,93,1429,650,50.0,5500,56.0,175,266,22,62243079,0.259818181818,0.338048780488,0.411636363636
599,2006,LAA,2,766,732,162,89,1539,486,42.0,5609,53.0,159,309,29,103472000,0.274380459975,0.332239540607,0.424852914958
600,2006,TEX,3,835,784,162,80,1571,505,40.0,5659,50.0,183,357,23,68228662,0.277610885315,0.336794289422,0.445838487365
601,2006,SEA,4,756,792,162,78,1540,404,63.0,5670,38.0,172,266,42,87959833,0.271604938272,0.320052683569,0.424338624339
602,2006,SLN,1,781,762,161,83,1484,531,61.0,5522,40.0,184,292,27,88891371,0.268743208982,0.332892780439,0.431365447302
603,2006,HOU,2,735,719,162,82,1407,585,73.0,5521,46.0,174,275,27,88694435,0.254845136751,0.3262364887,0.408983879732
604,2006,CIN,3,749,801,162,80,1419,614,59.0,5515,38.0,217,291,12,60909519,0.257298277425,0.331701745799,0.43245693563
605,2006,MIL,4,730,833,162,75,1400,502,82.0,5433,53.0,180,301,20,57568333,0.257684520523,0.320471777591,0.41984170808
606,2006,PIT,5,691,797,162,67,1462,459,89.0,5558,49.0,141,286,17,46717750,0.263044260525,0.319262090743,0.396725440806
607,2006,CHN,6,716,834,162,66,1496,395,43.0,5587,37.0,166,271,46,94424499,0.267764453195,0.316115011702,0.421872203329
608,2006,NYN,1,834,731,162,97,1469,547,62.0,5558,47.0,200,323,41,101084963,0.264303706369,0.330221130221,0.445124145376
609,2006,PHI,2,865,812,162,85,1518,626,95.0,5687,44.0,216,294,41,88273333,0.266924564797,0.339616664027,0.446984350273
610,2006,ATL,3,849,805,162,79,1510,526,52.0,5583,44.0,222,312,26,90156876,0.270463908293,0.333278769029,0.45495253448
611,2006,FLO,4,758,772,162,78,1454,497,74.0,5502,42.0,182,309,42,14671500,0.264267539077,0.325220870145,0.434932751727
612,2006,WAS,5,746,872,162,71,1437,594,69.0,5495,49.0,164,322,22,63143000,0.261510464058,0.33355230744,0.417652411283
613,2006,SDN,1,731,679,162,88,1465,564,40.0,5576,47.0,161,298,38,69896141,0.262733142037,0.330456026059,0.416427546628
614,2006,LAN,2,820,751,162,88,1552,601,51.0,5628,48.0,153,307,58,98447187,0.275764036958,0.345641354953,0.432480454869
615,2006,SFN,3,746,790,161,76,1418,494,53.0,5472,37.0,163,297,52,90056419,0.259137426901,0.320482735501,0.421783625731
616,2006,ARI,4,773,788,162,76,1506,504,67.0,5645,53.0,160,331,38,59684226,0.266784765279,0.326882419906,0.423914968999
617,2006,COL,4,813,812,162,76,1504,561,60.0,5562,45.0,157,325,54,41233000,0.270406328659,0.337252980565,0.432937792161
618,2007,CLE,1,811,704,162,96,1504,590,80.0,5604,59.0,178,305,27,61673267,0.268379728765,0.338069099128,0.427730192719
619,2007,DET,2,887,797,162,88,1652,474,56.0,5757,45.0,177,352,50,94800369,0.286955011291,0.341197239608,0.457703665103
620,2007,MIN,3,718,725,162,79,1460,512,48.0,5522,45.0,118,273,36,71439500,0.264396957624,0.326814716606,0.390981528432
621,2007,CHA,4,693,839,162,72,1341,532,52.0,5441,35.0,190,249,20,108671833,0.246462047418,0.313577766616,0.404337437971
622,2007,KCA,5,706,778,162,69,1447,428,89.0,5534,47.0,102,300,46,67116500,0.261474521142,0.314491781281,0.387603903144
623,2007,BOS,1,867,657,162,96,1561,689,64.0,5589,54.0,166,352,35,143026214,0.279298622294,0.358394393119,0.443907675792
624,2007,NYA,2,968,777,162,94,1656,637,78.0,5717,54.0,201,326,32,189259045,0.289662410355,0.360875039345,0.463354906419
625,2007,TOR,3,753,699,162,83,1434,533,47.0,5536,48.0,165,344,24,81942800,0.259031791908,0.324106113033,0.419255780347
626,2007,BAL,4,756,868,162,69,1529,500,47.0,5631,47.0,142,306,30,93174808,0.271532587462,0.330941118904,0.412182560824
627,2007,TBA,5,782,944,162,66,1500,545,53.0,5593,52.0,187,291,36,24123500,0.268192383336,0.333170413816,0.433398891471
628,2007,LAA,1,822,731,162,94,1578,507,40.0,5554,65.0,123,324,23,109251333,0.284119553475,0.344002639828,0.417176809507
629,2007,SEA,2,794,813,162,88,1629,389,62.0,5684,40.0,153,284,22,106460833,0.286593947924,0.332290465997,0.425052779733
630,2007,OAK,3,741,758,162,76,1430,664,49.0,5577,56.0,171,295,16,79366940,0.25641025641,0.335523153341,0.407028868567
631,2007,TEX,4,816,844,162,75,1460,503,56.0,5555,42.0,179,298,36,68318675,0.262826282628,0.324034334764,0.426102610261
632,2007,CHN,1,752,690,162,85,1530,500,40.0,5643,37.0,151,340,28,99670332,0.271132376396,0.330457431223,0.42158426369
633,2007,MIL,2,801,776,162,83,1455,501,76.0,5554,47.0,231,310,37,70986500,0.261973352539,0.3230388109,0.455887648542
634,2007,SLN,3,725,829,162,78,1513,506,54.0,5529,54.0,141,279,13,90286823,0.27364803762,0.334548467274,0.405317417254
635,2007,HOU,4,723,813,162,73,1457,547,55.0,5605,40.0,167,293,30,87759000,0.25994647636,0.325747724317,0.41231043711
636,2007,CIN,5,783,853,162,72,1496,536,66.0,5607,46.0,204,293,23,68524980,0.266809345461,0.330783005046,0.436418762261
637,2007,PIT,6,724,846,162,68,1463,463,71.0,5569,51.0,148,322,31,38537833,0.262704255701,0.319297082228,0.411384449632
638,2007,PHI,1,892,821,162,89,1558,641,90.0,5688,52.0,213,326,41,89428213,0.273909985935,0.347448254069,0.457981715893
639,2007,NYN,2,804,750,162,88,1543,549,54.0,5605,58.0,177,294,27,115231663,0.275289919715,0.339941501462,0.432114183764
640,2007,ATL,3,810,733,162,84,1562,534,49.0,5689,47.0,176,328,27,87290833,0.274564949903,0.336815040977,0.434522763227
641,2007,WAS,4,673,783,162,73,1415,524,53.0,5520,41.0,123,309,31,36947500,0.25634057971,0.320814030443,0.390398550725
642,2007,FLO,5,790,891,162,71,1504,521,82.0,5627,42.0,201,340,38,30507000,0.267282743913,0.329375406636,0.448373911498
643,2007,ARI,1,712,732,162,90,1350,532,57.0,5398,58.0,171,286,40,52067546,0.250092626899,0.3173693086,0.41293071508
644,2007,COL,2,860,758,163,90,1591,622,58.0,5691,44.0,171,313,36,54041000,0.279564224214,0.350546491367,0.437357230715
645,2007,SDN,3,741,666,163,89,1408,557,49.0,5612,44.0,171,322,31,58110567,0.250890947969,0.318528124493,0.410727013542
646,2007,LAN,4,735,727,162,82,1544,511,41.0,5613,55.0,129,276,35,108454524,0.275075717085,0.335564990202,0.405665419562
647,2007,SFN,5,683,720,162,71,1407,532,39.0,5538,36.0,131,267,37,90219056,0.25406283857,0.319439868204,0.38660166125
648,2008,CHA,1,811,729,163,89,1458,540,63.0,5553,47.0,235,296,13,121189332,0.262560777958,0.327917282127,0.447505852692
649,2008,MIN,2,829,745,163,88,1572,529,36.0,5641,72.0,111,298,49,56932766,0.278673993973,0.340518638574,0.407906399575
650,2008,CLE,3,805,761,162,81,1455,560,103.0,5543,49.0,171,339,22,78970066,0.26249323471,0.330165492381,0.42413855313
651,2008,KCA,4,691,781,162,75,1507,392,50.0,5608,36.0,120,303,28,58245500,0.268723252496,0.3165,0.396932952924
652,2008,DET,5,821,857,162,74,1529,572,44.0,5641,44.0,200,293,41,137685196,0.271051232051,0.338161918558,0.443892926786
653,2008,TBA,1,774,671,162,97,1443,626,68.0,5541,52.0,180,284,37,43820597,0.260422306443,0.335495378628,0.422486915719
654,2008,BOS,2,845,694,162,95,1565,646,70.0,5596,62.0,173,353,33,133390035,0.279664045747,0.354213393143,0.447283774124
655,2008,NYA,3,789,727,162,89,1512,535,80.0,5572,39.0,180,289,20,207896789,0.27135678392,0.335189127231,0.427315147164
656,2008,TOR,4,714,610,162,86,1453,521,59.0,5503,56.0,126,303,32,97793900,0.264037797565,0.327689243028,0.399418499001
657,2008,BAL,5,782,869,161,68,1486,533,42.0,5559,48.0,172,322,30,67196246,0.267314265156,0.331418253447,0.428854110452
658,2008,LAA,1,765,697,162,100,1486,481,52.0,5540,50.0,159,274,25,119216333,0.268231046931,0.326689918618,0.412815884477
659,2008,TEX,2,901,967,162,79,1619,595,63.0,5728,54.0,194,376,35,67712326,0.282646648045,0.350150245137,0.462115921788
660,2008,OAK,3,646,690,161,75,1318,574,48.0,5451,35.0,125,270,23,47967126,0.241790497156,0.314024896266,0.368556228215
661,2008,SEA,4,671,811,162,61,1498,417,38.0,5643,42.0,124,285,20,117666482,0.265461633883,0.31600660066,0.388977494241
662,2008,CHN,1,855,671,161,97,1552,636,50.0,5588,45.0,184,329,21,118345833,0.277738010021,0.351542416452,0.442913385827
663,2008,MIL,2,750,689,162,90,1398,550,69.0,5535,43.0,198,324,35,80937499,0.252574525745,0.32013147083,0.431074977416
664,2008,HOU,3,712,743,161,86,1432,449,52.0,5451,41.0,167,284,22,88930414,0.262704090992,0.318813559322,0.414786277747
665,2008,SLN,4,779,725,162,86,1585,577,42.0,5636,44.0,174,283,26,99624449,0.28122782115,0.347980041848,0.433286018453
666,2008,CIN,5,704,800,162,74,1351,560,50.0,5465,41.0,187,269,24,74117695,0.247209515096,0.317178423237,0.407868252516
667,2008,PIT,6,735,884,162,67,1454,474,59.0,5628,51.0,153,314,21,48689783,0.258351101635,0.315961979679,0.40316275764
668,2008,PHI,1,799,680,162,92,1407,586,67.0,5509,40.0,214,291,36,97879880,0.25540025413,0.326989335521,0.437829007079
669,2008,NYN,2,799,715,162,89,1491,619,39.0,5606,49.0,172,274,38,137793376,0.26596503746,0.338955823293,0.420442383161
670,2008,FLO,3,770,767,161,84,1397,543,69.0,5499,46.0,208,302,28,21811500,0.254046190216,0.321085733201,0.432624113475
671,2008,ATL,4,753,778,162,72,1514,618,42.0,5604,34.0,130,316,33,102365683,0.270164168451,0.342655094825,0.407922912206
672,2008,WAS,5,641,825,161,59,1376,534,67.0,5491,36.0,117,269,26,54961000,0.250591877618,0.317012448133,0.372973957385
673,2008,LAN,1,700,648,162,84,1455,543,43.0,5506,38.0,137,271,29,118588536,0.264257173992,0.330302529344,0.398656011624
674,2008,ARI,2,720,706,162,82,1355,587,49.0,5409,43.0,159,318,47,66202712,0.250508411906,0.323882588392,0.414864115363
675,2008,COL,3,747,822,162,74,1462,570,57.0,5557,38.0,160,310,28,68655500,0.263091596185,0.331646809205,0.415332013676
676,2008,SFN,4,640,759,162,72,1452,452,48.0,5543,44.0,94,311,37,76594500,0.261952011546,0.317597998332,0.382283961754
677,2008,SDN,5,637,764,162,63,1390,518,53.0,5568,46.0,154,264,27,73677616,0.249640804598,0.31350640815,0.389727011494
678,2009,MIN,1,817,765,163,87,1539,585,45.0,5608,57.0,172,271,40,65299266,0.274429386591,0.342967866947,0.429029957204
679,2009,DET,2,743,745,163,86,1443,540,61.0,5540,39.0,183,245,35,115085145,0.260469314079,0.326151315789,0.41642599278
680,2009,CHA,3,724,732,162,79,1410,534,62.0,5463,39.0,184,246,20,96068500,0.258099945085,0.324162081041,0.411495515285
681,2009,CLE,4,773,865,162,65,1468,582,81.0,5568,50.0,161,314,28,81579166,0.263649425287,0.333333333333,0.416846264368
682,2009,KCA,4,686,842,162,65,1432,457,42.0,5532,32.0,144,276,51,70519333,0.258857556038,0.315411587911,0.405278380333
683,2009,NYA,1,915,753,162,103,1604,663,54.0,5660,39.0,244,325,21,201449189,0.283392226148,0.358532342243,0.477561837456
684,2009,BOS,2,872,736,162,95,1495,659,70.0,5543,51.0,212,335,25,121345999,0.269709543568,0.347307320219,0.453905827169
685,2009,TBA,3,803,754,162,84,1434,642,49.0,5462,45.0,199,297,36,63313034,0.262541193702,0.340104849279,0.439399487367
686,2009,TOR,4,798,771,162,75,1516,548,45.0,5696,49.0,209,339,13,80538300,0.266151685393,0.330557335042,0.440308988764
687,2009,BAL,5,741,876,162,64,1508,517,39.0,5618,46.0,160,307,19,67101666,0.268422926308,0.330073349633,0.415272338911
688,2009,LAA,1,883,761,162,97,1604,547,41.0,5622,52.0,173,293,33,113709000,0.285307719673,0.348678878262,0.441479900391
689,2009,TEX,2,784,740,162,87,1436,472,37.0,5526,51.0,224,296,27,68178798,0.259862468332,0.318106035345,0.444806369888
690,2009,SEA,3,640,692,162,85,1430,421,49.0,5543,44.0,160,280,19,98904166,0.257983041674,0.310362173038,0.401948403392
691,2009,OAK,4,759,761,162,75,1464,527,50.0,5584,54.0,135,307,21,61910000,0.26217765043,0.325805923744,0.397206303725
692,2009,SLN,1,730,640,162,91,1436,528,61.0,5465,43.0,160,294,29,88528409,0.262763037511,0.32771566828,0.415004574565
693,2009,CHN,2,707,672,161,83,1398,592,59.0,5486,42.0,161,293,29,134809000,0.254830477579,0.327410332346,0.406853809697
694,2009,MIL,3,785,818,162,80,1447,610,71.0,5510,47.0,182,281,37,80182502,0.262613430127,0.336111111111,0.42613430127
695,2009,CIN,4,673,723,162,78,1349,531,53.0,5462,41.0,158,280,25,73558500,0.246979128524,0.313699315869,0.394177956792
696,2009,HOU,5,643,770,162,74,1415,448,43.0,5436,45.0,142,270,32,102996414,0.260301692421,0.316621346023,0.400110375276
697,2009,PIT,6,636,768,161,62,1364,499,46.0,5417,36.0,125,289,34,48693000,0.251799889238,0.31490872211,0.386930035075
698,2009,PHI,1,820,709,162,93,1439,589,71.0,5578,45.0,224,312,35,113004046,0.25797776981,0.328847089347,0.446934385084
699,2009,FLO,2,772,766,162,87,1493,568,63.0,5572,39.0,159,296,25,36834000,0.267946877243,0.335667752443,0.415649676956
700,2009,ATL,3,735,641,162,86,1459,602,52.0,5539,47.0,149,300,20,96726166,0.263404946741,0.33561309233,0.405488355299
701,2009,NYN,4,671,757,162,70,1472,526,36.0,5453,55.0,95,295,49,149373987,0.269943150559,0.334169593578,0.394278378874
702,2009,WAS,5,710,874,162,59,1416,617,56.0,5493,42.0,156,271,38,59928000,0.257782632441,0.332733224223,0.406153286
703,2009,LAN,1,780,611,162,95,1511,607,63.0,5592,44.0,145,278,39,100414592,0.270207439199,0.34166801097,0.411659513591
704,2009,COL,2,804,715,162,92,1408,660,47.0,5398,60.0,190,300,50,75201000,0.260837347166,0.341366787719,0.440533530937
705,2009,SFN,3,657,611,162,88,1411,392,50.0,5493,55.0,122,275,43,83026450,0.256872383033,0.30637213254,0.389222647005
706,2009,SDN,4,638,769,162,75,1315,586,57.0,5425,36.0,141,265,31,43333700,0.242396313364,0.316253535185,0.38064516129
707,2009,ARI,5,720,782,162,70,1408,571,37.0,5565,41.0,173,307,45,73115666,0.253009883199,0.322522816167,0.417610062893
708,2010,MIN,1,781,671,162,94,1521,559,39.0,5568,53.0,142,318,41,97559166,0.273168103448,0.339480985801,0.421515804598
709,2010,CHA,2,752,704,162,88,1467,467,79.0,5484,38.0,177,263,21,105530000,0.26750547046,0.324987397076,0.419948942378
710,2010,DET,3,751,743,162,81,1515,546,41.0,5643,41.0,152,308,32,122864928,0.268474215843,0.33301017935,0.415204678363
711,2010,CLE,4,646,752,162,69,1362,545,64.0,5487,33.0,128,290,20,61203966,0.248223072717,0.316147214854,0.378348824494
712,2010,KCA,5,676,845,162,67,1534,471,35.0,5604,53.0,121,279,31,71405210,0.273733047823,0.330041152263,0.399357601713
713,2010,TBA,1,802,649,162,96,1343,672,57.0,5439,57.0,160,295,37,71923471,0.246920389778,0.329733267878,0.403015260158
714,2010,NYA,2,859,693,162,95,1485,662,73.0,5567,44.0,201,275,32,206333389,0.266750493982,0.344678118478,0.435961918448
715,2010,BOS,3,818,744,162,89,1511,587,47.0,5646,46.0,211,358,22,162447333,0.267623095997,0.336595539868,0.450938717676
716,2010,TOR,4,755,728,162,85,1364,471,55.0,5495,34.0,257,319,21,62234000,0.248225659691,0.307576265505,0.454231119199
717,2010,BAL,5,613,785,162,66,1440,424,54.0,5554,45.0,133,264,21,81612500,0.259272596327,0.31180996989,0.386208138279
718,2010,TEX,1,787,687,162,90,1556,511,45.0,5635,54.0,162,268,25,55250544,0.276131322094,0.336316303287,0.418811002662
719,2010,OAK,2,663,626,162,81,1396,527,47.0,5448,51.0,109,276,30,55254900,0.25624082232,0.321841004184,0.377936857562
720,2010,LAA,3,681,702,162,80,1363,466,52.0,5488,37.0,155,276,19,104963866,0.248360058309,0.307188444743,0.390306122449
721,2010,SEA,4,513,698,162,61,1274,459,39.0,5409,40.0,101,227,16,86510000,0.235533370309,0.29533060668,0.339434276206
722,2010,CIN,1,790,685,162,91,1515,522,68.0,5579,50.0,188,293,30,71761542,0.271554041943,0.333879691854,0.435920415845
723,2010,SLN,2,736,641,162,86,1456,541,50.0,5542,40.0,150,285,18,93540751,0.262721039336,0.328291961203,0.401840490798
724,2010,MIL,3,750,804,162,77,1471,546,81.0,5606,35.0,182,293,33,81108278,0.262397431324,0.327860858257,0.42383160899
725,2010,HOU,4,611,729,162,76,1348,415,33.0,5452,29.0,108,252,25,92355500,0.247248716067,0.300494290097,0.362068965517
726,2010,CHN,5,685,767,162,75,1414,479,50.0,5512,38.0,149,298,27,146609000,0.256531204644,0.315973960941,0.40148766328
727,2010,PIT,6,587,866,162,57,1303,463,33.0,5386,33.0,126,276,27,34943000,0.241923505384,0.30193195418,0.37337541775
728,2010,PHI,1,772,640,162,97,1451,560,63.0,5581,43.0,166,290,34,141928379,0.259989249238,0.327471095913,0.413366780147
729,2010,ATL,2,738,629,162,91,1411,634,51.0,5463,35.0,139,312,25,84423666,0.258282994692,0.335410857799,0.400878638111
730,2010,FLO,3,719,717,162,80,1403,514,55.0,5531,43.0,152,294,37,57029719,0.253661182426,0.317121588089,0.40263966733
731,2010,NYN,4,656,652,162,79,1361,502,46.0,5465,57.0,128,266,40,134422942,0.249039341263,0.31221719457,0.382616651418
732,2010,WAS,5,655,742,162,69,1355,503,60.0,5418,47.0,149,250,31,61400000,0.250092284976,0.313798344874,0.390180878553
733,2010,SFN,1,697,583,162,92,1411,487,50.0,5488,41.0,162,284,30,98641333,0.257106413994,0.317656903766,0.40834548105
734,2010,SDN,2,665,581,162,90,1338,538,50.0,5434,46.0,132,236,24,37799300,0.246227456754,0.314132618888,0.371365476629
735,2010,COL,3,770,717,162,83,1452,585,47.0,5530,47.0,173,270,54,84227000,0.262567811935,0.33311529027,0.424773960217
736,2010,LAN,4,667,692,162,80,1368,533,46.0,5426,50.0,120,270,29,95358016,0.252119424991,0.319013257258,0.378916328787
737,2010,ARI,5,713,836,162,65,1366,589,39.0,5473,41.0,180,301,34,60718166,0.249588890919,0.32250082481,0.41567695962
738,2011,DET,1,787,711,162,95,1540,521,39.0,5563,58.0,169,297,34,105700231,0.276829049074,0.33875739645,0.433579004134
739,2011,CLE,2,704,760,162,80,1380,494,65.0,5509,43.0,154,290,26,48776566,0.250499183155,0.312177244711,0.396442185515
740,2011,CHA,3,654,706,162,79,1387,475,84.0,5502,46.0,154,252,16,127789000,0.252090149037,0.311527522168,0.387677208288
741,2011,KCA,4,730,762,162,71,1560,442,39.0,5672,57.0,129,325,41,35712000,0.275035260931,0.32744520772,0.415021156559
742,2011,MIN,5,619,804,162,63,1357,440,37.0,5487,25.0,103,259,25,112737000,0.247311827957,0.303188797031,0.359941680335
743,2011,NYA,1,867,657,162,97,1452,627,74.0,5518,51.0,222,267,33,202275028,0.263138818412,0.338323840521,0.444182674882
744,2011,TBA,2,707,614,162,91,1324,571,73.0,5436,35.0,172,273,37,41053571,0.243561442237,0.315465290494,0.402317880795
745,2011,BOS,3,875,737,162,90,1600,578,50.0,5710,50.0,203,352,35,161762475,0.280210157618,0.346374045802,0.460770577933
746,2011,TOR,4,743,761,162,81,1384,525,48.0,5559,47.0,186,285,34,62567800,0.248965641302,0.313773833005,0.412844036697
747,2011,BAL,5,708,860,162,69,1434,452,52.0,5585,43.0,191,273,13,85304038,0.256759176365,0.312406824582,0.412891674127
748,2011,TEX,1,855,677,162,96,1599,475,39.0,5659,49.0,210,310,32,92299264,0.282558755964,0.338115422237,0.459975260647
749,2011,LAA,2,667,633,162,86,1394,442,51.0,5513,32.0,155,289,34,138543166,0.252856883729,0.308312342569,0.401959005986
750,2011,OAK,3,645,679,162,74,1330,509,50.0,5452,57.0,114,280,29,66536500,0.243947175348,0.308505284348,0.368672046955
751,2011,SEA,4,556,675,162,67,1263,435,37.0,5421,41.0,109,253,22,86110600,0.232982844494,0.289959016393,0.348090758163
752,2011,MIL,1,721,638,162,96,1422,481,56.0,5447,44.0,185,276,31,85497333,0.261061134569,0.321018893387,0.425004589682
753,2011,SLN,2,762,692,162,90,1513,542,44.0,5532,40.0,162,308,22,105433572,0.273499638467,0.338327296674,0.424981923355
754,2011,CIN,3,735,720,162,79,1438,535,63.0,5612,40.0,183,264,19,75947134,0.25623663578,0.320969578656,0.407875980043
755,2011,PIT,4,610,712,162,72,1325,489,34.0,5421,44.0,107,277,35,45047000,0.244419848736,0.306937394247,0.367644346062
756,2011,CHN,5,654,756,162,71,1423,425,59.0,5549,35.0,148,285,36,125047329,0.256442602271,0.309340475393,0.400792935664
757,2011,HOU,6,615,796,162,56,1442,401,46.0,5598,37.0,95,309,28,70694000,0.257591997142,0.307217869645,0.373704894605
758,2011,PHI,1,713,529,162,102,1409,539,56.0,5579,38.0,153,258,38,172976379,0.252554221187,0.318404707421,0.394694389676
759,2011,ATL,2,641,605,162,89,1345,504,28.0,5528,30.0,173,244,16,87002692,0.243306801737,0.306531830239,0.387120115774
760,2011,WAS,3,624,643,161,80,1319,470,65.0,5441,32.0,154,257,22,63856928,0.242418673038,0.302656064964,0.382650248116
761,2011,NYN,4,718,742,162,77,1477,571,51.0,5600,48.0,108,309,39,118847309,0.26375,0.33187489872,0.390714285714
762,2011,FLO,5,625,702,162,72,1358,542,51.0,5508,42.0,149,274,30,56944000,0.246550472041,0.314049586777,0.38834422658
763,2011,ARI,1,731,662,162,94,1357,531,61.0,5421,33.0,172,293,37,53639833,0.250322818668,0.317204301075,0.413207895222
764,2011,SFN,2,570,578,162,86,1327,448,52.0,5486,43.0,121,282,24,118198333,0.24188844331,0.299123693967,0.368209989063
765,2011,LAN,3,644,612,161,82,1395,498,45.0,5436,43.0,117,237,28,104188999,0.256622516556,0.319009100101,0.375091979397
766,2011,COL,4,735,774,162,73,1429,555,57.0,5544,44.0,163,274,40,88148071,0.257756132756,0.325299229382,0.409812409812
767,2011,SDN,5,593,611,162,71,1284,501,48.0,5417,47.0,91,247,42,45869140,0.237031567288,0.301622169652,0.348532398006
768,2012,DET,1,726,670,162,88,1467,511,57.0,5476,39.0,163,279,39,132300000,0.267896274653,0.330382495407,0.422388604821
769,2012,CHA,2,748,676,162,85,1409,461,65.0,5518,36.0,211,228,29,96919500,0.255346139906,0.312761331326,0.421891989851
770,2012,KCA,3,676,746,162,72,1492,404,42.0,5636,41.0,131,295,37,60916225,0.264726756565,0.313907284768,0.399929027679
771,2012,CLE,4,667,845,162,68,1385,555,59.0,5525,39.0,136,266,24,78430300,0.250678733032,0.319078947368,0.381357466063
772,2012,MIN,5,701,832,162,66,1448,505,53.0,5562,56.0,131,270,30,94085000,0.260338007911,0.321905389814,0.390327220424
773,2012,NYA,1,804,668,162,95,1462,565,62.0,5524,49.0,245,280,13,196522289,0.264663287473,0.332895385121,0.453113685735
774,2012,BAL,2,712,705,162,93,1375,480,50.0,5560,30.0,214,270,16,77353999,0.247302158273,0.307119205298,0.417086330935
775,2012,TBA,3,697,577,162,90,1293,571,58.0,5398,42.0,175,250,30,64173500,0.23953316043,0.312280113922,0.394220081512
776,2012,TOR,4,716,784,162,73,1346,473,55.0,5487,45.0,198,247,22,75009200,0.245307089484,0.305201342282,0.406597412065
777,2012,BOS,5,734,806,162,69,1459,428,45.0,5604,55.0,165,339,16,173186617,0.260349750178,0.312831564987,0.414882226981
778,2012,OAK,1,713,614,162,94,1315,550,45.0,5527,34.0,195,267,32,55372500,0.237922923828,0.306894849432,0.403654785598
779,2012,TEX,2,808,707,162,93,1526,478,57.0,5590,53.0,200,303,32,120510974,0.272987477639,0.330257086355,0.445974955277
780,2012,LAA,3,767,699,162,89,1518,449,47.0,5536,41.0,187,273,22,154485166,0.274205202312,0.32865497076,0.432803468208
781,2012,SEA,4,619,651,162,75,1285,466,30.0,5494,35.0,149,241,27,81978100,0.23389151802,0.293791946309,0.368947943211
782,2012,CIN,1,669,588,162,97,1377,481,47.0,5477,37.0,172,296,30,82203616,0.251415008216,0.311849613964,0.410626255249
783,2012,SLN,2,765,648,162,88,1526,533,53.0,5622,49.0,159,290,37,110300862,0.271433653504,0.334524776604,0.421024546425
784,2012,MIL,3,776,733,162,83,1442,466,90.0,5557,35.0,202,300,39,97653944,0.259492531942,0.316785654989,0.436566492712
785,2012,PIT,4,651,674,162,79,1313,444,51.0,5412,45.0,170,241,37,62951999,0.242609016999,0.300034153005,0.39504804139
786,2012,CHN,5,613,759,162,61,1297,447,43.0,5411,24.0,137,265,36,88197033,0.239696913694,0.297712529874,0.377933838477
787,2012,HOU,6,583,794,162,55,1276,463,58.0,5407,30.0,146,238,28,60651000,0.235990382837,0.296252129472,0.371370445719
788,2012,WAS,1,731,594,162,98,1468,479,41.0,5615,36.0,194,301,25,80855143,0.261442564559,0.319494584838,0.427604630454
789,2012,ATL,2,700,600,162,94,1341,567,34.0,5425,46.0,149,263,30,82829942,0.247188940092,0.318424566088,0.389124423963
790,2012,PHI,3,684,680,162,81,1414,454,63.0,5544,39.0,158,271,28,174538938,0.255050505051,0.311437145715,0.399531024531
791,2012,NYN,4,650,709,162,74,1357,503,42.0,5450,30.0,139,286,21,93353983,0.248990825688,0.312447505459,0.385688073394
792,2012,MIA,5,609,724,162,69,1327,484,35.0,5437,40.0,137,261,39,118078000,0.244068420085,0.305860496538,0.382012139047
793,2012,SFN,1,718,649,162,94,1495,483,29.0,5558,61.0,103,287,57,117620683,0.268981648075,0.327429233571,0.396725440806
794,2012,LAN,2,637,597,162,86,1369,481,52.0,5438,38.0,116,269,23,95143575,0.251746965796,0.31255279608,0.373666789261
795,2012,ARI,3,734,688,162,81,1416,539,41.0,5462,45.0,165,307,33,73804833,0.259245697547,0.325779036827,0.418161845478
796,2012,SDN,4,651,710,162,76,1339,539,54.0,5422,34.0,121,272,43,55244700,0.246956842494,0.31504781077,0.379933603836
797,2012,COL,5,758,890,162,64,1526,450,36.0,5577,39.0,166,306,52,78069571,0.273623812085,0.327857972457,0.436435359512
798,2013,DET,1,796,624,162,93,1625,531,43.0,5735,47.0,176,292,23,145989500,0.283347863993,0.344079157357,0.434350479512
799,2013,CLE,2,745,662,162,92,1391,562,51.0,5465,56.0,171,290,23,75771800,0.254528819762,0.324041811847,0.409881061299
800,2013,KCA,3,648,601,162,86,1443,422,42.0,5549,42.0,112,254,34,80091725,0.260046855289,0.312342991124,0.3786267796
801,2013,MIN,4,614,788,162,66,1346,533,52.0,5564,32.0,151,285,15,75337500,0.241912293314,0.30818435296,0.379942487419
802,2013,CHA,5,598,723,162,63,1385,411,34.0,5563,48.0,148,237,19,120065277,0.248966385044,0.300636089722,0.37821319432
803,2013,BOS,1,853,656,162,97,1566,581,72.0,5651,50.0,178,363,29,151530000,0.277119093966,0.344512195122,0.446115731729
804,2013,TBA,2,700,646,163,92,1421,589,36.0,5538,55.0,165,296,23,52955272,0.256590827013,0.328056144932,0.407728421813
805,2013,BAL,3,745,709,162,85,1460,416,36.0,5620,45.0,212,298,14,84393333,0.259786476868,0.310801855533,0.430960854093
806,2013,NYA,4,650,671,162,85,1321,466,57.0,5449,36.0,144,247,24,231978886,0.242429803634,0.302113271344,0.375848779593
807,2013,TOR,5,712,756,162,74,1398,510,38.0,5537,38.0,185,273,24,126288100,0.252483294203,0.315528361171,0.410691710312
808,2013,OAK,1,767,625,162,96,1403,573,45.0,5521,49.0,186,301,25,60132500,0.254120630321,0.324253363965,0.418764716537
809,2013,TEX,2,730,636,163,91,1465,462,61.0,5585,42.0,176,262,23,112522600,0.262309758281,0.318670415082,0.411996418979
810,2013,LAA,3,733,737,162,78,1476,523,48.0,5588,64.0,164,270,39,124174750,0.264137437366,0.327115038455,0.414459556192
811,2013,SEA,4,624,754,162,71,1318,529,31.0,5558,28.0,188,249,17,74005043,0.237135660309,0.303433546903,0.389528607413
812,2013,HOU,5,610,848,162,51,1307,426,52.0,5457,38.0,148,266,16,17890700,0.239508887667,0.294577596464,0.375481033535
813,2013,SLN,1,783,596,162,97,1494,481,64.0,5557,44.0,125,322,20,92260110,0.268850098974,0.327095064591,0.40147561634
814,2013,PIT,2,634,577,162,94,1345,469,88.0,5486,29.0,161,273,35,77062000,0.245169522421,0.304617968094,0.395734597156
815,2013,CIN,3,698,589,162,90,1370,585,76.0,5499,46.0,155,274,20,106404462,0.249136206583,0.321334648258,0.390798326969
816,2013,MIL,4,640,687,162,74,1381,407,71.0,5474,35.0,157,238,43,76947033,0.252283522104,0.304029926883,0.39751552795
817,2013,CHN,5,602,689,162,66,1307,439,67.0,5498,30.0,172,297,18,100567726,0.237722808294,0.294087923194,0.392142597308
818,2013,ATL,1,688,548,162,96,1354,542,55.0,5441,35.0,181,247,21,87871525,0.248851314097,0.316897877319,0.401764381548
819,2013,WAS,2,656,626,162,86,1365,464,40.0,5436,39.0,161,259,27,113703270,0.251103752759,0.31,0.397534952171
820,2013,NYN,4,619,684,162,74,1318,512,51.0,5559,32.0,130,263,32,49448346,0.237093002339,0.301433042332,0.366073034718
821,2013,PHI,4,610,749,162,73,1355,417,53.0,5456,31.0,140,255,32,169863189,0.248350439883,0.301719734378,0.383797653959
822,2013,MIA,5,513,646,162,62,1257,432,56.0,5449,26.0,95,219,31,33601900,0.230684529271,0.287196055093,0.334556799413
823,2013,LAN,1,649,582,162,92,1447,476,57.0,5491,48.0,138,281,17,223362196,0.263522127117,0.322272498743,0.396284829721
824,2013,ARI,2,685,695,162,81,1468,519,43.0,5676,43.0,130,302,31,90132000,0.258632840028,0.320742534302,0.391472868217
825,2013,SDN,3,618,700,162,76,1349,467,52.0,5517,34.0,146,246,26,65585500,0.244516947616,0.303475935829,0.377922784122
826,2013,SFN,4,629,691,162,76,1446,469,39.0,5552,42.0,107,280,35,140180334,0.260446685879,0.318053479488,0.381304034582
827,2013,COL,5,706,760,162,74,1511,427,26.0,5599,35.0,159,283,36,74409071,0.269869619575,0.321606372386,0.418467583497
